排名,标题,热度,链接
1.,推动党的创新理论更加深入人心,,/l?e=7425Dh%2F2tPiYJNVtajjzOsaNeqS1DTYP7cslEj8nfshFhMVK0gaTNhg2dhxJbY%2BCcgyAfjYoq9pt%2BFi0HPmk6pe0UEZyISQsYs0xYCgX4lKUmHJwbKJGf5LR5CmLBYXz1U5WZabTeTrx0xwF3%2BESLANZ%2F5YRXvKo8zQWJPEWPVAMig1%2B0TjQ6Y1OKPXcdbYVueOFrbYuVAyVqFZ2j5m5Rbl3ZXhkAcBwEjKALjsn7HQpPFf8FAcOqK6YWYB4PrS3DAlCvnTuPwokqVq5SaTRMMS96yQboRjekAuSWKuHEtm908RCAzdDsHNBCNILfskO8MbBH8Dce%2F%2BlTUA%2FD7%2BRT5XKh%2B%2FIzyuoDtYMKq5r7%2B3yzHidjSHlEKYBAnL78hlhpptnyudK%2BhtR7DOgpxLJ5K%2BJWKB4sWTE
2.,员工已读不回负责人凌晨爆粗口,126.7万,/l?e=d2a2Y%2FyDjUr6hGkSYyIJQdJTaMiKop2jhTINbLEQzJXWYRkthiPnp3mTovZVKQn%2F4pVGwlUlnwV0BU%2BzRSr%2FOC%2BwKMcGFbkFWf0O2mo7%2FoPE4sbBwHHo11WzUrJNtHNjxhHhAAgjq7mt%2FoHj1IjW8uuZvKJdS%2FsPHIOcxGXwK3fSgS42cthrVZO%2B7hi6Vg6Cf%2B%2Fgl4g2iYHgf01k90wL6KDomr7Mflg5QjhdwwgQ9U9sTKr85b%2B4R7m%2FNL%2B0aQPokuW4g72KX0fzIPhnz6SO%2BQNMmWKTbmciSo3uuccFqBk0hl5lPrcEHj4BcGh0yxiKtRbBK4S0sPjSK3kJLNz%2FAuNH6S8hrNKOOTdjvCMtDcmlCF0ESPa%2FzQD67YuNiki6E6QEikl6BH8PuHOcbUeZmOUQD%2FTuZtPo
3.,乔任梁父亲曾在儿子墓地见到造谣者,105.9万,/l?e=2346TelHRywjKF7022pZMKjOy3DNL%2BX9QI%2FgS19VB1ejvx4jsYQyyqiW9Eh%2FN%2FWnFYSqHxe%2BW6me6r6eilYn0ZuJcyqPpNcES6AFY%2FIgiRHxq0qte5V5vT1i0XMDfI9XIxHrtHNZ%2FAY5NZbrQ9iapmSKIb321K5orrWvgNcUBh8KHzuwG%2BiXviGme7B%2BzHz%2FNqiiFOYuum8PjZ3bENSRlBlBMTWNw3t1V9ba3Nfjg49HFZjGejO44biIgeiSO4owrLQkhc3IA2g1fv3tFiqiB%2FUUf4jsDwYDKkxq5N2f3y%2BcyegC26UgXNCyz47F4SvJfNFMhTN0HMB4eRODDHa5ekRhJSZ0ljIYJJrC2NlaL7IdCN6UYScb1JaGvYSJC4SFcEJqe2anFnORGq2c3ZHG5bLC%2BjMDtoUslsopVyfujchn1wuOdgL0NjTtRa5nwwdEV0B7n9wT
4.,何以中国弦歌不辍,72.6万,/l?e=a835vBp8Y1gUdVL%2Bur8y0EjPLa9BvciiHjSBQ0zKythjKIW44dQngRIYJfIZktrHtsko3%2FecrC%2BESBj%2Fsw2FS2iLN%2FS%2BGpXh2onLrA1Qc2KlE2SkP3FNtF2Wpqvz9OWbDWTd3eT2ktgRX3prgki2o%2BaDxwfXJi%2BCnJhKlC4oJRqcUpQx0bQlZ0YnDgUJXmdmlLnSvTc9vhYMl9bG1K4BHT3yDwoEcN%2BzUlsTGbbn2pleE8uZMrq0KqKRaPmsdZaSWCkqjem%2BPB3MEIAoVgFZCSw5TZ847sTbhMCV8n4q
5.,在靖国神社涂鸦的中国男子被日本公审,57.8万,/l?e=34a2DzmHWtexGzmjypQJcHY8%2F3NVPuLbn1WD7jMJ37GewRR%2FCHpT4FVurKzlhPJ5kpmVLfnZ6aAGuqQwXcTk7skM5dc7nt3K2x5pieHoO6fikX6NhhcCl7p8uVZnKhY536Sr0Z%2FCQZ8XTk6N5DXi63WToaSlCWGxxw42OgZuLRV3CbWK16Y5YqpsUJ2cCnZgEwFmCoQTgzfSk0%2BVRHWyGxXfQFNzz31q9TGLtUMmbM%2Fs1iHMIkCTAp9X6aNCS5Im27r2hISEnMjtyV9%2FxfhRwsgwGZu39QDFTgwb9lJ8uSRhLdNPf2ANZe5xV1E2AH1qpKDe3A5aHuXlTV3mAT8T5EBWF6fC9cORb2Bmq8xsuKbYIyeQ216Mm0ibZdppI0WePXetifTD1VKGELj4usxxomrJFFRAX2AgxvpMe3hco4ksO%2B5PGOD7LWXZphf8DTOeV5AHiQsUNmp0wHw7HtSYG8odthel
6.,虞书欣她拍vs自拍,56.0万,/l?e=02106uD1G7fyVjUgJX3Sx02YiApF3sFsBbhL9PwWEPfPb5f5nJDlXU7Peo%2FxLxsKAU33nmUcKZevCyvIHaHUf2YgOfp2JtTuCg712Rdmcydyxn8lBR5tlIZJk%2BxexTX9JH0UmIj4vBR8JxckF1P5F%2FVPuTLKqYeXaGrHWZ%2Bo8QtS2DjRxBZNBqTzCn56H5Pc9Yx4dDRMcEkXLPfzb2sPGSt%2Bs5Lok4%2BxYajxUFBbP8oTu9yf%2BfkNp%2F1C%2Fl5E0KPClRCgABTw798X9Tj%2BJn4H%2Fe0
7.,成都混团世界杯国乒抽签结果,55.8万,/l?e=ca94H4UEWhnEgBqZIgIclDXUiQojfU28E99N6hN3yNkSRM7gtV4MFnp6XTZhBsVSUGQu7qzPzVL3el%2FJMdiCe8gSgGFtcrdmT%2BpQiVQ2eLEJMHWzCgXVksyght4S43nkD7nMuzNJGHK7RLwESuPcPhoFSf7dMd2Me6PBBTM%2Bo8yNdMzwh%2FlCSkKkhdiVhnCfpqchU7YFkwSFZFYuH8ESNJb6ZLj7PR5xTVQRKgjt6Y1uA28RKijLc4h3vaAwqn%2FymTz4WVvjD2hJWP5JNppDOiX0o3T2shpoXsT34NfaBHTvYcKMUWxnH%2F1W38ICGUfiL6x5Wli7js%2B7ih2C%2FwwkqwJWBI4o4Xz9%2B1tdLHxv1pqsEHf%2B2aqn900F8wjOixteuCQ3Z4jqWeAu
8.,带着微博去旅行,,/l?e=4f17h0xVxgxiSwagqRnCW5mQapczPHbQa0E3%2BTT9SEvgxOk8KzF%2FaB0qyoWFuueHM9HpZhh4EW0QRnH0SubGOFGRtXt2Z%2BtkGd01Y3AVi8jj1Hc4zMCTY%2FrqqQaJdqdERWQvOeOgxtUiWqC4VtvHJ28qYQUpEFI4YXuq6wb5TBA%2FPqVrz6t7PzZmnifvPAi1JFXM50Om9akXz0UTkvJA%2F6RIp%2FDlMD2Z6VyV07PN6TvhiVir5DPNA83tr6q3cwg%2FckHMt0SePeaITOXqhKYb
9.,网传李行亮歌手2025试音,综艺 556685,/l?e=5acd0wrVQ5HT3sJsKLtqYCpoV5XAChe1Y07Qh6FA8LZX8jxGA7SpdrGi%2FR9fa4eK8jiEdwc%2FkIHbwFA74RIDe%2Bq0nFAgDsKH4tAOfQbLevURpNAoS6%2B%2BEF06BQpVUpGwAYzjDsTLxPuBKKhX%2FPr8rlnDRMcpp%2B7WYfeSz%2FHe%2FK35uU1irqtEUI3NDoxPAPXBr0urXAxHW%2BJJP3oOSX0FItf%2Fli9BQ9IDwes%2B5K2OurL0GdAGP74CXSRUx7LK9b5mUgBg1ZrSsadaCXo1qkERY%2BtLK0kpd5QvkSdH8rM19iYEvA1DDjTSqMBGrezMoSQC%2FQ
10.,郑雨盛道歉后李惠利的表情,盛典 542653,/l?e=1c7b1%2FtH3TUb0sQmsoCyDOKK9U83XJ3wmv%2F1T2STMzLRTpUib18pfOICBXJJ%2BXdi397TLmpFyknV9u7mRKufBZ0BvGwuk47ZBndy5y%2FUr65nBLwh0sDHW18lymxpqEvTGFhDEWmmoa%2FeMebAC6ahLq4hhVTp3bDkuuGBHmUx%2BcbY2gjLTDikVDleZhfdIKQx64NvNLT3ssqs5dLEMSCtVeSXkT1osiRqdpY2RUFw4BPjSprE%2BKwTuEDG18%2FSasfHn5ziHH7tp5hc5hhWHI9jfW1ihUWKVDFrS98f%2Fom4Aj0ZTae1HleQcTe0v%2BEUsim2xcfxaYsoMA6xQIwhjdjNEpsatJ9VY7LbaiJL7gUtPjdDAYsgtE3361C6
11.,男子确诊肺癌医生一根针冻死癌细胞,40.6万,/l?e=2657JRb6yRe%2FbHOW84YKgealKBqEETLJLaGGfjcthJ2TW6tMal2K%2FMsBvxszcXcZlTPH1Ru2ah7iIQC0zFabClsiMVgsiuvicp%2BX2tlhZVaNJ2DXYLG8nPepawUOnkyoachxKEoq0t3iPQ9aRqb9w4jFEt10V7oc5GVSQ6KbQ2RUNTrlk1KkrAA7m1k1H%2FyHP9zedc8D1xuNvImsT5L8q1%2BEmGgYeux%2BFiBjvGyfcyRvY0lTSnikWEEFHQbF2nMCO42cRDTElx7QpWUwM%2Fgrx6Vi2mNbmdlPA676ALyfC1o9aLL8VjCcFesrgzFsa18poi%2BZw5BQ9TYzxiB%2B8n3jJg%2Bx1ksPkVmkLFHKo3EjLl6F3r%2BhljGeY8URU2tjfoLXFH1g1n7atCXbrXoBVkMCRR6zF4F%2Bsf8zj2qkxZsr9xMXwOC4U7R5O7Amlsew%2FBuFkSAI8P1R
12.,王珞丹换风格了,39.9万,/l?e=3ccfYVVI0ieBojpBYgG5lfyIxmGwBjG1kxIU5cnml%2Bgtjav5B0bloHIB4gf5VdmHEqhXNEXZVBt11jgpn5Fs2F1pgSKLHKhfdeTdj3OsxSI%2FGlZzoAOhLWEolJMpk%2B%2FHg8BJ5luAuuKiZCb06W7o2WabrZkwv2MzidzV7vB9oc4umsqNKeQek8%2F%2FC32kKyW21b%2F1jN3dCZ4z5a7wTXsqyI8fKMX2pw0ictlgx9KsLpbaM%2FHqlSom5NcihBBApmrbpSJcXNaG1f7oLmyOsf6J
13.,合肥LV柜姐离职后开始卖货,38.5万,/l?e=23e66yZBHBoLveTsyH0p67RX1o7zcDERqFCRlAO03a4m%2BzX3Wt92Zw7FdU6wLyknJGsCmbA1Kpht3fszSc9pSY3bUhYpudVD9o5CbHGlHmAZna56%2FWWY56l1EGX3O85tEg3E5AwPW4mylwookxC6ArgRXtmsZuzFKTPT1xLKmBNxQxFIa%2FnOSVJTHbnw%2F%2B4dNqYzl6KBSno%2BzdhZ9nmmVOc9Drfirdll8ghqZr12cIW5Nr1Pl%2BiWHY5gtlo26An0WFkeANepPNiuXTHk%2F5oR%2B%2BMTz%2FbohG03RSevcDjqUoKomxQuxIaJaYmxLyqMi%2FDGDzeZzG%2FlP3vTZdvTOqSJwx0sE0aLpja4IXtbD8o
14.,麦琳怒怼杨子,综艺 363731,/l?e=bd7eIBu6K%2BnT4%2BJdl01hz4%2FSgxF3ctVQO6dPAcQqGd137OeR0lnu9UMXULqinzGl%2FxkjkQuVBR4ADnbmHb1%2FNFFfYo6pVGCbGkp%2FgUX1eq5lfmyPBUBZGuEAu11EsN3S47R7rJhFyOk25n2MeZ%2BEWwDQ%2FFabsiD4aHtqWzq9itGVrsY2uOz%2FZPyCALEA1bZKmLMdIRT4H6oiBatOVIE%2ByrHf01NIDLI%2FcyB0OqMIXABWn2hZfNB30ETnD7nl%2F6Ik
15.,香奈儿在杭州,35.9万,/l?e=9df0%2FLw4WA00BZRHSi6cSxKAA9FuzuDbgNJdOMoN8eO5I9FCPXoRVXHOVep%2B96DumBrH923vD7e3yTGSVQsuyvOW0snfNGvejuJcObJchkuPWqb8iXH5n40Cv1xqYJFAxSB%2BK1rqulJIkinMwaYefMh8QARiw7PLoyFwHnSOAghSVCrG0303vFSR0VTgQWJaNLJftetN8Dfvt7gPs9j02%2FEt7sv%2F4NFPS55viH3nxgvrUaYko75mnEWrvsO4k4qy
16.,市民清晨排长队送别叶嘉莹,35.7万,/l?e=727azE1%2BtkZMOm9j%2BEYyYLovlyeSmZkjTA2497mcVzoCo9M2lhJo4USyzxNjAgNgZKHcksqHztNMuAgqXoD%2BNdzSrB%2FitE0ueXYdm1ckcUP7hRAJ3yt1a0xxT2lQXUszebA9cCN%2BEkFwZA40gHcS0bjSe77OEyE4YyVussmcAQUgqplIrNDGin9zg35r6OdI7wYEfXqTagLblfRdwW6VwRS92lH%2BFMnYT8grGUHbio704O2axk07MvP%2F8tlzuRL%2Bz9yqb%2FRIfnl5kR9boh2DT%2BAr4k8sBuubDcRLkxpm29Or6pg14EsvHLZYfLnN9kNCjfdzaDJ19lTZMxxf%2FpjNgpZUhgWMNtIaFmhlzxmMku3gQUw9fFshoP%2BB
17.,樊振东王励勤男双,35.6万,/l?e=10dcxAUHQtVOlgOK4J2RqJvN0rHrw0ooHzuMHKbzFCi8Qov1y%2B9%2FstjLy4lmakH4seo4Wzcul8gFZz71O5bbzgcrU6d5upvVFCapAgXnKEffRFT0Y%2FecFYwnqctEpIy9iS8LuXYpfaNMnL8we7EuJ0%2Fpk8YrTGeifuR1CJvXKgjI4XGHOQhg%2Bsmw6o0BXFOhxhiK%2B9lZI6eSKAo4t5ONv0dJr%2FEanOe%2F9CUCbeoCH2HLMtuMSeRg0FHg3zUHh14alqjiVSGaAKtraaEgO8YRQe9TWWGOeCxSPnqTZXN9
18.,击剑冠军秦雪回应视频被指擦边,34.3万,/l?e=0e05VuubvxVBXGbTcUDQB7qK2cAjq3rmflb6bFwbMJDjt1KIFbbdt2o6LBa5ALINeEtJTSYQanN9q8Y4OJOw%2BcbzrI0aMOfa1qOz47mOfbtn1Iq09QhjJIY6neEdyiWUxOsOchtg8Moaku5d2LpKl9uutO1TgM6ppozAgvPpDb89wRYa45xZABBprqQlG2vibnBiZ1HT4AfH%2BB6SBOM%2Btr4a4XZR%2BwK92E%2BsCFySEWvUvzloTouoW6ZyLpHyGpOz222WyRS7w2XUWcjB1I8EQtPXJrvmAQSRN0XoKYCjRQkTLi26TCynl2MBOA9h1ArfW2l1qsnLZ%2B%2BlZQqNXmXNbI7KoE1wijiB%2FA%2F4FLX9hmpGQMPFTPXI5tTfXFW7kycXFfey4lTt992ZO1K7v6QRqtm0ETh1mOq8
19.,考公上岸后的体制内生活是什么样,23.2万,/l?e=d466zv8XWC%2FVKhJz36hu%2B7Hxy%2FLBsFwUQFnojgD1BEafV8yUTiD5ZFqHjeQyXgAxqV2Cs78yZZFdwMwqx%2Bg4aB34visKFIj7ttNOC1upOFPGm%2BdJH76KLJoymIGESOpyanHRYWhhC89acWOd35S0%2FuzZgj9e3%2BHtJWIueHJeKk%2BlMGsv6WWWscKk5YwUY2%2FxIFugjESJwNfX6AICd%2BYgXgX2edmRZhttLjIpiTZbrnWC7BMb29IGMdBUa45liHToM53wFs6BKjwY7oXQ0vYPe%2F6x%2FU0uAiTsyUt8H9sJ7QmA63G945lGs22SDTZHC%2BO%2FRmZ9Uk5C7yzIbJFGkAhPtQKkw9oXwtRgAY6omUNhLIqcR7p%2FYa17q3SyT5JUnmo0qA2ml37AHDR5O6mrtE8Iqnj%2BcgkDpFNTTW4tG2OxNQAR3NMjRonK
20.,我支持新疆棉花,22.1万,/l?e=8a49%2FMoq2xTAc3ABCHBzS5tb1%2BS7aKfaTB%2BsRNyV78v%2BvJDpCW1jWmwAUHqer57iofiQ6EtGB%2BWly4zwL%2FoWE0dXvVzcWpYP3c8o98IRjQqc5q6wUMeNy%2BGcORO28QsTCIVzLQfMRT9BDRAfhMBwh78lp5yf7vsXqEfSJmU2n9IHcPhqnlcvIgvjnUU%2Fi8Od6Cyuj6MO1K%2FQ2fsw%2FUKFTMQURw62Y4R9yw%2BlNASUQ88pv4OMYciQ5Dtfi7wcjBcj%2BBdz2ZzoRvM%2BcoW3IDTI
21.,好东西票房破3亿,22.1万,/l?e=d11cHj56WQA9wcixL4Idb0%2BIvL8QuhwnU1YWTrum37zkTmFaGmlLV04GXEOnfWmLB2DaY1Z4minl88I%2FhD%2FRz6S6gqZTB1Cq%2BdpP%2BTx378HVZNtF1ilQqiPUa5t4wlyqMRyuOPgRiOSMsoIoUDzEy74QU%2FuRS%2FSavPzrwmYcL%2B8tiE9Cn6K5Mfi64VLvkhfaZjmB90rqO2nqPgayWJiHQfUm%2FiWG3q0TAG795NysLRWFEOP2TnkOzbM9k4ZGw%2F5Tqt99c4cTJOq7KscIgSpcgA
22.,赵露思12月的行程图,21.7万,/l?e=8cf8lN00mhnxRcmcu2%2FHKxjzUS365N7n%2F0yPlcZodMZgVkxX2kDGXDFyeipnxSN3Gr0Gwwl4xVEld2FgMRxowHjc7jP9DLsb%2FVpmSCVXdPi92qXZHlPWJMsOo0xcXAzO62NlqUsH4oaiZA6SaBUIqh44B2qjLYqTdkuOPEPVJXbxRV9MFHOGRoM%2B94Ofdejbh92Nj2aXx2FcPpFT5Dy9RkhusFFURHtKs3WCBo73ZozM5CQsJxRyy699vKXD616SD6V1rcbIKfv9Djr1h8eFvLZvMZ7wyYQwgVbC7DwoqL0
23.,结婚3年流产2次竟是老公精子碎了,21.5万,/l?e=c656Skfv%2BLnKfCojqbLbNHgpexo358%2FYQIJtNL8ViwjheEYBV8SJ8PuXk3%2FoMhLqYPv2gqC5Bo0HriaXB4iyD78xpwHzr3CvScQOPVol6IsZWQZ%2Bvhd5iCZDeb%2FfnK%2B6JDDwEQj%2Bdr3tmjuvvmfE8rbjxhMJjCbmml%2B4Qi0c03eZcrrnkrbGIMn2d%2FXNJk1VbtShFbHb2xuMhh4ErcjU4LQuJ8h7z2KH5nol6vvOQ4LC2OD6TjhCTpN4oJJBWRbB1KLlSVWc0vN4IkqFmS7q2F4Cm59j53CWBCfbcw28PWLfpZ6qxXlo1XIjPd5LyC7gs70Rx72grxgdlhZ6IwZiUcKC56BPC3gHM7NowwXJmAZEi1lL9EaOjrNZNRoHBGVKJOL3X6sJG3XDnwVuff1T%2F0J%2FEH%2FSrpwybZo
24.,葛夕闺蜜,21.3万,/l?e=72f19rxAlBwtubgY6E3Bmsqt56J42oe%2FpXn2CbWFx20yBamkFBwzrJfmMgTteB8XAxWwVhWHjhyilxToNsPTzcIRWiI%2B8Fh%2BpVcfFN5XLJMWO8mVp1mfJA9XLt8SRA5aLGIAVab%2BVkrA3xYgRF%2FCgf%2BoS%2FggIt%2FcD7Pyce%2BuezYEmCWX58WBWhxqpT707cCpIz04VG46ndsERIVLULeMpjLK
25.,韩网友抵制韩国电影,21.0万,/l?e=2c3dqk5p5xN8M7WvNriVIvZOugmb4cFUKGju1jUJm%2FiDqg3tcBQPM4ewaYhPJAa%2Bd%2FUQzzxt8A3Z%2F7F8M%2FDpRrNAb%2BsoHWGqsQ4Nu%2FJzX9O9L4nBEC0edsviy5d5EmyyKjopNPv3MrDg3Zx%2F%2F%2FIbPPw5Z1DKnAPzI9TUUWq38Kkbb5Wamk8qwC38oggmLWHZkTkgYGnasW%2FcaE6%2BtsFVw8CSbuqTk76IUUXuxtuGo4Qvmr1zzwUC6vGGzzpsLGa9dB8NgVrQTZ4oFufG247XxDzHsMsNlzDgG25SI790okbTBx0IpvuV3f8dyBA1
26.,宋亚轩刘耀文互穿应援色,20.9万,/l?e=b749DsLoaLLcrK9oGupj%2FL%2FG40GAsaYladHKhSee%2F2dZ2RfMLYnn5T1dDhbiPKpnSpsJnUmUvRoWK%2BlFwBEqlCYN%2F%2Fq8dL3hFpmnp9sAP2JNSNi4eY3FjK9y3YFCQmGW0zGDFCn10t3sxnzd1tTFf2vxES0iAvStbz5SEpw%2BFAbyTSiOl3yCT3g%2BZPKRm60svAza0T5%2BX%2BqLe5A1nkUYJuqtT5J2UK7zMhJsxfwinerii%2FlZLtcfwkeo0cnxCPldbPBXT1MJJdcHoMYhT0SHnzKF2NdhfBKboewKbU49ClDtA%2BXDtRTmDBJK0wi5evCGWMAcscmloUInQFeRflvzofiamhoEIVyWymXT
27.,湖人NBA杯出局,20.7万,/l?e=4cb8p2UZIY7EsIvdANFi6SwqGvO5BiV72iTqsrWVY7q1K%2B3%2Fk%2BIRSfYQQlU5kiddMW%2FZm%2B3%2FXnTEe68AG6yRvsA%2F8flmvGEYH1cBCGWO%2BDi2HbC%2FcKV6dXc8sGORIfLIjmj9ZfR7FfCNGfmQx7qQYqTk%2BZU2qFUCQs6sRKX6qCCXDu0drtjh0YPi1swiATQfZrvsu%2Fe9HJ%2FSEgshOB2SYq59Tzwme2fJ%2F8d4xCwXpT9Yu17n
28.,这些OST一响2024画面感就来了,20.3万,/l?e=b05b0IVJnl2A5mTGjWWWt476xqPjHaI9%2FDnfVPODurSJQQoEkaJxJYPk2HIDSZSEeJZUxAW3prJg%2FSr%2FJsrGUQEDEq7Z1tFwXWhHrpfXozUZP8qnAgZkfAMTYQLpNER4lRFfN7RUCc8R5lahOAhdhh54KdyrNzzwGPufBEwZSULzqX0r53qGpikycaQirTBUrQiLKl7nkjsfE4HPN6oZ9%2FkBhm5rb29qhBoV2eKZkJtYnmmTSppAmabM0FUE6IteeS7ANhFLx3DARgdmtdIeXHlAspgjJs2JSSGapsOwQRUc20QlZniZ%2FbEWx%2BYgwfd58AISrMAtw9d3O%2FtYsj7KTqfq4g
29.,王楚钦王曼昱出席抽签仪式,20.2万,/l?e=c6c3RYGU9%2BioTXQzGEv%2ByIIDfaSeaznQydHajJUVaMMKhgYezLiBPSMO2t3xp7keeMsxbOs1AO0CAWI5nrfDUN9DKVqxq%2B5f2tZW6LcrA%2Fz1ukpDSS9RxpEvIYNv6YSQojnN8NeHYm8fmAPjUqryNWn1MQBLjpjADbJBwAbaSX3hspFFUJHTClYBE5VIFG%2Fy7SBpW%2Br02mRVQ1PNrJS1whwZxhUxC1L46zhdQfvmu%2BDmEtRtHaBRZHJt6hqIrwHZx9NjxTqaNeQ%2F6NVH9B5R2puY6uLotY4hSNuoguhcCZuC7tVu%2FisV6%2Bpj%2FgWQvDdQwW0kDNZh2D8KeDLpPwP%2FcijuhsE9CropKxsCC8o0%2BwyLUYkTFdLHMrN2
30.,我家那小子开播,综艺 200463,/l?e=81f35CU03mQEzK5ACIeY0qLZxAPosLa8M3dsT0LMYsZzp8UbW0q9kPlZsY9jdhGM6vdaZZlhuQlzFueoC%2BgfycJykxqxyjFa1INr%2FAIZEPouaCzZ5jubEHH0kkm5yy22ENHbgLaWIXacfN0l%2Bm9yMIBsLVQ3A9EocpZAqell0erDpCtzVKz60EElZ0wjw98frqM%2FqN%2B3XQwnIhllBJ%2FIJ8IZpz%2FS3O5SVSfxy4ngtWvpydZ5cRY%2Fitw%2F%2F4MruMi7Car0pv%2F8%2FaXh08OgFEU%2B
31.,宋亚轩把头发甩炸毛了,综艺 184902,/l?e=abf8EZsXmqOgHO%2B08Ga7PSGnYTUzkarLZsLzj4vyszDPdhMKIsEEV7MiqZ3Xnq%2B0j2y1vBT40r4kIq4UVdbDUDw5rsZAV8jkB2COIFnpUj7csGotvBUjCZM7GWqe0O%2F9Q0vNel8zR%2B1IY3Kabn%2F57RKKT%2BbJXMNjGlQkGunLsb4zoF0KuYHlMC6gMUVvgOPU9sHGhsxisx9g9eWi442MOS%2F0UUAyBp6FzF%2BYgfdyidRqRX0W2jYpiB%2Bc%2FY7BfSPUM3G25iYjSbqF6BwyVxfMKyfi5JhZ%2Bi0O29G%2FBVTIVRtEl2UKV76SKuYKPHZ26bNc7p1iZxR5vPKO8bHz
32.,谭松韵时隔三年又演古装,剧集 183136,/l?e=f488efY4lLLIDoho8J%2FGDkjG1f2Tx%2Bw6iL9M1kOMx12Izbg2NIgKEwqWPVXdxBJpPWZji74IMMc3p56M2xRGa026hFr1E7ZYQ4sdqvQZRWeueOuFCU95UDdBb5hw%2BfVndKmtDI3vfEcib5YCaIfLVDcdPY5slneoUH64Ew2PYmca0O%2F7Oy9UyPRVif8S3FPlGCU6puXaCwMPSUnPTKnpEd%2FgeFGQ55yovFyYcL%2FzKRP9e94N9bM3B3INdXMcNMpkt5z4RsenPAlS04HwPrxchrMpF9HeUzN66CMWof%2BpSBbvz%2Bt4X3jrz35%2BOVLx0%2BhtOpUOfjy%2BcCxtAfPq080NmCeXuex6G63xfnm0
33.,陈小春养老保险有点多,综艺 181600,/l?e=fa16NjH%2FtLK8IjoExlCLUxONxF0ywcbfKL7Get5Y5BiStyB2Zr1mZipNNKYOlZ%2FXo7ScfMKgG3yH5y%2BpT2zb3rXDHMRUZv0fD3AnU0KhLKCNJcZL3tlUkk4NawLwFOEcrGSuemKFMw3QokxUSAnYObIepGZc2RDDSAhQQzJkrEr4K2Gx%2BEMJ%2F%2B4LbfUBbqu2DyASbDyD7LUC1kbLu49EmJmogWfntMYkHLBoj1W5phy8O8Nr9ahEA0VG8ttTI4vjYtiy2MwxEfiB%2F%2Fpm1IiylCiLJCeIFG1UEo7uCl6KKw49ideDx%2FN6mIeTDk%2F4NhpBybgT1%2BLlQXsu7mG0
34.,iG官宣重组,17.2万,/l?e=d554xwFhhKC1iWOaSPmsxB1BbedZXQ%2BI%2Fnp9Ctyq874EOiGtD%2Fmc7usR314EAQBRxbq%2FzoD2Fk1xju0a4j9HROaO2JmRhle6Acac334LvtMm4J1ndJlkFbhGrWmKMsD%2F7nbbomW7T4mzxvKcUevLJ7a11xlX%2FK6SVg3adyfFULPYKhsZNWtih7QXZUnksZF0%2FeW9vSIZTvtGy2gCo4bjxQ1BSk4
35.,周雨彤 没有预期的地方收获最多,16.0万,/l?e=da64ioao2PsIuqO%2F%2Bl51RjVC6TZJbGxVPEjKTD1n38EmxnZQkePXu1Lyi8POF8KbFrBHgRfv5ogP0tLemCdU5PudiwqFlcXWEagMYk5INq0Ck1D5xY5izMPwZlVf0hIdSOARZvgRCYQaNGii%2BzUjtU6pKwohOyKaGMw4QlhY2NOMLKgvPd50I61Q80gG7RkF8lbwUXYnc7PREp8cnCzjS4kRymSexLrHZItjqQwvBT4gXPcsrldyswqBus3yb%2BEsTxDm%2B7fw3In58nDhDKEpG7hua2ihk0UCyTeigM%2BGRKk77R1TyJBxjJ3UA4yaAZSMrYXgIVXpVm6FMPMBwPu5%2BhFAEUEDiuK5dkGntpTAjXAz63uPpZqZIkuW3MKE6mNkZw%2FPoqFVklTMeF5lXAcxYx%2FcLakfDi6bRGYC
36.,金靖月子中心vlog,15.3万,/l?e=6994%2Fxz9nbHb8saNV5rO9FeS4l2pleS1hyEQjqVjF0gZCSexhO%2Buit9q1GWDKMmlssoyV%2F8j8BQlqAIEtKTQvm3jSgdzHBL%2FxqYMLj2OusgRS8QdJNQJUDInzNFy6Y9u5HJCRnYkYHz4vnlwTrlT4yH4EVOqfRlt0UlOTEdkxodlx2tPuEKU0zYL9pQuKoFmwj155Ih2tnF0z3IXgdcumdr7f3E7aZ%2BXlfrK%2FdHzkEz7ajHqa%2B0LRCjt7Mfg3uEcu6y3Qg
37.,阿汤哥女儿被指身材走样,14.9万,/l?e=5612cT6o7kAw8qkZPgb1cUfNiDWzaQOMnp%2Fp63YrJTy76vamFVO1WQ5yfUzsr81GE38WGdp9S1tmXDIa4qy1efh3z9DN2yIqhqOovBF673lQxV8wNhi2mTRPLc1L3XG5o1%2BDDBfs4jMDqkgyv16l31%2FMNzpWoiX83eVkh32hS3OqGNIjaGS6AZzFFOjZaVEXE%2FzVU144uyCbZ5bWs1YtTes7EDWX%2FcW8jiJQKOdiyBC1sopojoRVWxyW59p6baLmQN3d9A9A95%2BTA9KNRdJiUgJ0pfDBTfx6REcGDym0rxbP9MbeaTqH8cqapkR17QBFiLuWOBxYYlasTd0G0zmb5ui3g8NO9Qu2Tm0v
38.,王楚钦孙颖莎奥运会后再打混双,14.8万,/l?e=a388XJkqbWNMF1BZWUPlJrKwKW25Aj8h%2BVL2AacphEV6Nc02s4ztSuQoxJN1fnt5W9kGRjI%2B3hWiseDWgzl0hSbY53I1CekfPAGuO4c7i%2BwamzpFN1e59KFKDRNFYxFoIDLYlE09Hags4Y1t%2FablmiTk9jANNfef4aqjadYatkUYqZATGEZKxIlFt6puycfTrEDUCvDKEBR4YoMemtyOtzBzPNnvkipK%2BleysJRnadya6tKpd7kaWM1hiAHLiDTjr3M6%2F2qcCNfQ%2BWdZrvXwMYqNcZxP1RQUJDQkex3pyUlXceYOUgthWvVsOcRda5Ka0GYHmCnuvzoeciIbuR0kDdGoQJ2C05GV9H33DgbJp0Bov%2Bptn%2F0k7kU%2FLXt3M1KfuqE9qCzcO0GKGkjOGZlreMI9Yz889h07
39.,婚礼前一天46条喜烟全被偷了,13.2万,/l?e=13c5KLEsBYIt38V5zad%2ByBU9BUEpjsnqIbLyrD0Gr0B7FPOLQLGfN%2BYL0yJSFaxe1o1DZKF3nIZo5Qg%2BLtmfwSbhg%2FDmUtF%2FBTdoBK3EDVbbUHGxeQ9PJHYWIePCO2jD5Ud7g2apeTPIkaSRjKvYhhF1UTYfvf4Xp70SpEND%2FHzeBVaCZWGaMxprGRVYdUfANBe%2FiWTC9P8Rk3gKpABtVt%2FlCvbrHgZsc9bSRKhD6hnmxbkCUWnlLNHV7HgDmJqqqMvDuxeSt7LRAEpTgjf9OESE8w%2FGsOYwmsf4kABpDMv3m4myAyBARXjfnNyL7PIynU5zU%2FBddP5x4kGODls5HQMr3v2pGWIGnVGAPeciG5I3KNJhVMHoD6LuNQc
40.,欲在离婚诉讼期间强奸妻子被判强奸罪,13.2万,/l?e=e3ac1vELaSD8j%2FE062gJjhoU7GQZUlc2ja1wxEAEk%2FhjdqXD6FxhJl51qdHE2rrAOzvlKOnM%2FB6n2HWhV%2BvYsiGst9QLGMpadSJbr9WCjkOu0h5tHE3%2BpnQKAkGB99uNU5Hvv2Kn81uXtYl%2BMJ0z8ekULcaDc8ZA73be2%2Fq590qwdVSwiofRKFlAhT9t79mLgwzKVWKiA5wBBK1IFuIbxZCGZnyRiMHEVYK%2Bct1dpO4GalTMRI9WULNGZLAr8UOlDJLTZaUFwsiGR2LodUhgDk51pbXZMgaPvcdHZ7r%2BWV294t5tjC%2FE5yUZsQgrI9n2o9b%2FZ7gWrDwyck6qQbYaDNMRQWcxm6uWVaW7Oo5B0JS8MQt8f0Tc1scU91%2B18zf7XxDNwO2jHH5AlOcgSiMsu%2BlAteLA6xnW60uTcz7TwBDc9GP2qdfwoUKwLh8H13qQkuoLa15NyqfyebUGaSc3%2B%2BXh8fwO
41.,第五人格,12.8万,/l?e=f622SYoQ7gO4S78UYz0%2FyOkn7lZ4U63G3x8M6nDgm%2BZKlQF0zt1oUYvv0OTe7LGQENd4iK%2FmOCjaqHtyrHnORU9ye8dHrvSfM2TBCJJO02IFm401E22LEOr%2FPrp%2BwGOF9pWrPD%2BovbUJX7CZXasgbaluGWHzsratscDAGs0hM4I5sKQOX9bQagm2d4%2Bltmq%2FGJSN4QxOQuqmkhHeltUXuufh
42.,闪耀暖暖叠纸裙子,12.7万,/l?e=98f7TArMk8yu6fHOjCbU7PX8JHQ2kdCK5ph%2FLsPjQYKS8bFmLkCxylNZOSk6zWBmdde5551suh%2FSDlYyRAuGFlPFOZVPzo4d1G3HGlWsg30R9kGD0aJFlkytXYuMxAoB4aYmNPp2BJKUYbV7ebizb1ad6fh7JNZjQKnO2QFcr7b3vEVrtoC%2B0ZCElYiS3262N2m8SBSIpL4Dzw6OAik16uvJNDZftf2UV3e3xYXU0EVBF34WRJ%2BlaxwjyMduQmg4IXCv%2B62qN05Mve4UICJarVx3oS2NqsQsh2yth5j3
43.,张真源腰腹力量,综艺 124775,/l?e=3adchSPvOWIxPyufSH7crnYqcYVRej2UCWzhYnzrt%2FKWTKZ0bRlBEgjctvHpM5TmDZu748ep8xEK1fnpoQMesRIBWKxIUHPp0Vw9rSWwS9V99HRz1TI6MRBXFGXZS3V%2B7vzx%2F8uRPannmjjz1wTDNd%2FbIIk5woyMNYFJ2RMhQdIswutXs39fKIxXeoveIzFc0d69N6itDO4MmpuyCocTEHZsq4pW64xeO33Z41cLjwbbsb3KsbdZPTx%2Bm55lwuulU4RA7V4xHuOQf3a6Ubcb
44.,我是刑警 你真的了解和你结婚的人吗,12.3万,/l?e=bb20le%2BVla2pCiL%2FEaYnLhxJtXP44rj5eAA%2FxMcaswEk7o%2BMBFEtUi0zi4OxZ7MlHOlHflqKiY9xParJ4JMAxqqPIp6h3CYgYWcHkFrA%2F7P8hHmwDpKvmNq3vOlIJ3OSv7b2H74Cro%2FO1bhEQBWUE31h49Zf%2FgaQc0%2Btlty0if%2BHu4k0idhuwUYSZkkphDKaY5%2FtnmMO8VPdwy4tvlc7Wrbq6Cw0YeK1UllOZGS8XPuD8I39pxN%2BTqgbjJ9N0spDnQeCF%2BihsUroGmveewIB%2F4mitKXlaAIpV9HfXvyCm0KD368oIrznE%2BiQN%2FIFvwDDAa56s47brO7A4pb%2BUY4QXP4EiTTYvC%2F9aIHMLllfIYjgRNLDISdC%2BKtOKODfCN5bzB7wj06h%2BN%2F2NdSvmO8TKXKlaAI8BURrSChBY7DceIfGk%2BwgufTGWSpYOMYLUfBtNUCoPzDeq57s
45.,彩虹夫妇第4胎产女称如愿了,12.1万,/l?e=fb59mSG3v3%2B%2FRo7xl4gga6nzFy8mNmGXJYZUN0ee29paRY%2F1ScWut2tZFqwowMly2A7gj0DAji7aM7UOD%2BlvVy2kbI1lfcBY8R7n1fIG9oMWxZbcbueGQ0piXi%2FYx14O8Zi4oR0Bs2xDpavLKFyYdafCDYl4Pzn%2FL9sJyoRDx3PU41CnbKYeO6xCkPYPfdrASD6rRx%2F56IY6x7%2BzfVMbWcH5EYYlEjqcf6UGXAkncdzzgn7KCAnLdLbRJr6Nb9ejLNrZU5ULv1qOSsT1%2FjNhVVW8z23q7J2Ue4lpmeQ1wi3MByxixNmBdbQ90Rp9pQAOsP83Zj%2BNPdDNsSmqGEPcc0GRr%2FCZxu0z9nfWYAPSG9iXnpdF7uCLu9FXXg
46.,黄景瑜32岁状态,12.0万,/l?e=600cvVHGpAK4IIdNq%2F6y%2BBVmKbNpSiFxicEs7IEw5xv8TxLC5nroFy7TZ4dh35M5OB%2BW8QrKJNVSTYDegdkKxoEkDVc23b2MzvwbrnX4wPwZggbG23rmIn0j9iqkn8WSc2jDkPnC7cqlH%2BnlJrb1xBCwF%2F%2Bvr0FkmpFsTEPQ9q6Aepul4ZCdXKMCheAxZxtVYWIqdHPcuZ0mRFfiH8D%2F2dKB3wmfuBiNeBbJyXno2A2NfJuyPabFgCBGr6%2Fn9Ga955E
47.,周密 刻板印象,11.7万,/l?e=5c48GM9NQVQHU6%2Bw25fL30zx7mwsQMQFVN9qRxojRV2L%2BTgF2Baod7ECQ2tQj6foEphdi8PPGufxGLt3RMJV7XmjZd1kaqxxJpldZOORsFHQ1RTJWDVv7IfU3x7toPc%2B6h3XElOTJVD7gt7OH9MJN%2FXY87et%2BvaQ5ouhANvKBj4jlRvVXWTxP%2Fq%2Bgsh29MTcu6eiS1sP1m7o3k4A65riLiE29nR8jcQD8hyVbsyXu6XVLxmPQbHfsZXa6qkWpaIafXKn
48.,江苏沛县一政协常委被指伪造文凭,11.1万,/l?e=74ebxc5WCxqphLCBvJNCQbmG%2B3bF35knmEhQ4W9DcoaCTmu709J5WcFlJ499rsPFhDgANXecqEwd8cU8DnoX%2FhcjIAFWqZ8z1AFEwm2W3g7hD42MAqjBo%2BebqWdZfh0T0QR8MDEAcIoswp41RAJkgtWyM6xNgtmJWJwX%2F2zfJCpDbrpefJQlsdC06cqWAefgdrDXOIbRxdbJNfFuyeia1iF1Xp%2FrxNDy0XMlzYhc9zE2fbxz%2Fvr9ZPXUvgyBOqCSevpuFBlj7ALgxTNUs%2BLjSVhSJM7gYCeoeoAK5Aqrsfwq8wIYBL0212kvd3wP%2BF4Jem1%2FtzKGN6Iy0CY1LuJezhHlBKaGMh6HlkhU72JGndkjb8wLqbnx8AeRqe4BHkU7imO30FEm1ooKyi9rPTI%2BhHlbZgHS6Fi%2F7I86pTIhomm%2F%2BlRnMnBc
49.,15层高楼四周下沉2米多深业主心慌,11.0万,/l?e=45b5TutjO57I9das2M5OwElCAHnCq2h3zh334QKlOO60ubwdXljjV%2Bt9owZwMwFC7St5v4pb%2BtXzm4tjyFrQ9mUSmBJPe2pHKDb9cTsgWF%2FvJjD1PQByeDT%2BVwp2U23BZJPxihvPTyvV1P%2BmeRldE7cJghxKkAq8%2F9%2FG3aiy%2FYw4RYOx9tw1iYAnfaCzVk2qxSvCOo8UyfEAqSaaPLn7AFGoKlHM3txgu968xDybDvToRmqPXGx%2FRSWyrS%2BDyoQ8Fv1CC0a6OV85T9VqerZ%2FI%2F%2Bf0%2BLd%2B7Ev7HAK35Gmgd3fdzX9Zp9spVZgsCuDRq6OrzMU%2BqSG2U5wSJfIXRxjTd%2FU%2F2O5Aidhxg5yaw2bp9mj6W9iT4IGCfLBFoIp07NNp6tOfBjkHnn1fSlvZwonAKsHDiJbZ6kqGvCL
50.,Irene红秀封面,10.6万,/l?e=5d55Rmvav2NMM3AmQXX9g4wyVQkb9sPNq%2B7lwJ6BoL4bvOFw%2Bv3mhTvL5TQ%2BoeSW6CZwnG4si95qbIagIJVQbAcELmRbM5Q%2FlOGPFbsJcNELbguMfNkCHa8REFi%2BQ16%2BlnLXs8HYFI27PDjyBEtdg7JeOn548daKIGVF3rugwAjOCq2PsupjpHDC9ZZUwizAMq466GCCVeP9Lo4nVzQI978voAHnpNI
51.,尔滨冰雪大世界进度条动了,9.9万,/l?e=3707ihImY3mHN44OSNZ0dTRw%2BXsD%2BM%2FjQd3IIjBwHi%2F5b4gEIZ%2BW6Wy3z0oPuqs1G%2FVlOr9qmxbgNe2VZ%2BMjG7NZBUInhXBCIoWnjqI2gBC%2F47GvwUAbrBA7QChHmjBBvpAeeJmu%2FmrZacroXUEXXI0rVFmQE6Gk4Ml2FZN6ZkIIcErmYXqe9A6O58YXO9Hx0BIs6KQBqT2tnAV%2FvZM9y5iTQvpS1IG65fgWqwfde54HlfHeDr6KQQsWeDN3ppJ%2BKp%2FqzePaUwbo6uVNZjCli3qfOitgv4ZNyMi3b487YsM9XbIJyeML5vdQg9dUlDhh9GmQwQ7jeCzOi7ZR%2BBW9Pqq%2BJWYg8ASbO6QeLI75J2gKrEulpNdWsIo0
52.,中国选手无缘女子单板决赛,9.9万,/l?e=a8a1pLkd%2BUWmZMbFUDgQkdM23WX9ujNL5BxaGrGB0H75LwFxVQ%2FgQt3o7DRFMkbKS16qjIfaaAN9h0Tl%2BytJF9sgRkjFqcqaWJ5NYBcO7wXD8B3AQExWACej%2FmoUAxU6i8G6XcU8w3Ekbw2RhkB%2B8XW%2BaMBtHN%2Bwg9FHAlw0QSTWpn9TiSL63vOzZe5wd6dQJrKguaEwIpNod47I7d084v6K11IYM%2BJmvUXPQ%2FVNtn9Q2lt5oyVps%2FNvAIl0IJGTw6lKHX3XesrXc2BVKrU8q45QAmR52b%2Fuixo9bjxTonhO95b1LzVs1iGez6SHmuZqUkVZjonR13HxB4RDiXwj0SrMSURLitre%2BjBBB%2BZt7ylE1%2F51WJvmQST4
2024-11-30,我是刑警 你真的了解和你结婚的人吗,12.3万,/l?e=bf28MGbAifOs0XIHxxJ6RFnqYV3S1PJCEomaFrm95p7Jc4uIaopwHKWt4qb6S4F%2FtkN49eeXawmLhFrjKDPkBIT14WUKn37hZM1YyeU2KuWJtbxzV5l4rOvTircbdikVg2554gUNEnqNKrwgiwHFfaJRx8kO4g36E%2BnRHn9n3%2BfbHpOR7xKnRrbXxOoA4XgXzFnNORzQnG88GNn6%2FOlAj%2BWtYyWDRgO7KosxEwX9aVR8HFwn4gCxTY0XDJB5FPC%2FDG9rVXMybCYizKwEK5DGYjP6iyvwvbNAKg640zvx5Mvqme5TAgHj0orpXIBMRA%2FlqN3fejgDbX7SBFu1yk60ErH%2F%2F8Z9Kw%2FFNkVhb1yEnxuvvyIIHX5voxOtE1j%2F93Iq8CFohAhKMl2BQpOnKhoYtIaz4ZiXErHAIheK2DE98g23NNjIou02NB2%2BLKFYYSG615%2FWMEllsXec
2024-11-30,中国选手无缘女子单板决赛,9.9万,/l?e=9fb7TPtS1NA5W290uYusQny6sOdR2dgcVxRDXMQ92HUPzL6%2FROMwTOWREvTF%2Ba8i4JJ0XaaQbf155qC1hdZKnBFRnnccvHnnCAj%2FMwcmTqUsvAT0HfjkzFKN82BlJdNvh4eqVxbMgdeu5dGqPCxojetMFpTW0E4VeIrC5iFQmv9GOt8T9%2FkcieBm413F3KyP3wzDreImuaepeZgtmqp9E4lcmZE50%2Fm%2Bmrft945G2iuI0qznkGeMHCD%2F9B2bQy3WjKAN2bMnabk5ojDvdvLF8he4H4Z%2Fi6LbSgKRRY3g%2FZvS93VRR6%2F1istQHfRFMAFqYyXGYcYpDD8Aefv1mYF4VLV4OmTd8W1Pr38CILnLcA1REztRXu9%2FszYE
2024-11-30,仓木麻衣演唱会唱中文歌,,/l?e=ecdeGnmUrr9hWW8mbgii99RYZDGYDvtG77O6lmkFfsKaXA19CDZh8LdDEBqFxLHvQLO0wJ%2B7OxemCwNdiuK74QxTiRsgeasGH2gm50LZ59OHxBe3rkNupLYeebhxJubfqH%2FRt8T%2F54hsAmTYmcLjm9X3tA2FqVZtpzHsda7s5JQIWbu%2FmawAyRV3u%2B6zZNSA8aoUIv1n0yfH57fqnKBX15CuSg%2BY8E5e83w%2FEM83yTQMTXaE48%2FC4%2B4R8Eo533jFMnaMgqIO9s%2FWLV3Vmtn5dnhKDRjzIpH9rAs8jUwd%2F56jtoN6Wd76u%2BOmjCT9O7yReS1cfSovlL1CZEiMz5s1o%2FDXa%2FsJ0bU2rKOx
2024-11-30,好东西票房破3亿,22.1万,/l?e=c6f4jtZ%2BlLgG43%2Fl%2FmiFgiOAAT3daYHCvdxGcrpTHEeVqoPdkrEHRyNZW7aakIu9y5nyYYoQpkynEx3%2B8W4JY%2BqscfBq4CVMrSinOFoXzLS%2FqMW4%2BMivO%2F9qQwcdlcpRnXr4%2FKdzeXH%2BmvD30q%2BvvRnljHqmUtv7CYKESb3JFwKztNQ5yR%2BqHvQfQ3MDRTAbRZQmQ4Yl5i10uwZf2tdUJUxG63U8IhDyaKp20MELkwXT7I5zk0mkZrc7qbu4ios44hKB1wfTOiZ4K%2Bsfcj8CRg
2024-11-30,赵露思12月的行程图,21.7万,/l?e=4f39M4sfrJHyJYnCmzI99YtKduvqlWUXMX5nszidiKYEDSC2dw6uLoC1ZsoO0VKItncR1OEXBf1TQfR4kT8XdzU4GYwekyDK4aUGsT2pwJRwssw%2B0GlfEpWwcOr6qCS3YDuZNXpVarZvTOzGV1MsMHPbPJASgjgPt%2FvyOoVbpWdulDDVGCtRXNO0Kflfk%2FWYvfYmxmFcZBb4xb0Ejrg98naxjf6QSJ2O2ijLdVwTMxRoJj3NR%2FljqvpDm2i8mu8pcnA9y4mHcrjtyA2UdR%2FQOpzo43PZlHNFXXJ9eIz6N88
2024-11-30,韩网友抵制韩国电影,21.0万,/l?e=f7b51p3tONiwIFcUHoTrGIAAbQRGuxmJWzhpaMPgbXasMMC48FMEdNqbO0tuS0iG%2F6o6k5tX7BtSRp2JfCxWGy10OqdSJYpQqkgHD3fI5jd6BZFP3fpVIOG8UaoT1UMvKR9ZoSpx%2BSESj%2FKypbX93h1LvrOB%2BAyEMTRKuGyLviEKBZ7LDgV%2FucuO5EJFb%2FFyGlYOA6pav90q0iTJEAH2Kx4mGJrn5UbY%2BLPamtxr1yV8zAseebOeelTq8CglX4doA0u9k1p33txNB7DCPsqOD3edMy1VZ73G5xsozSEJhfk9PotPRFCfhndjoR3s
2024-11-30,宋亚轩把头发甩炸毛了,综艺 184902,/l?e=a7ddhSBtDC3rq8xAc2aQ3DES1YMWOn1t1MsiphMqMmaO8kjybzvo3SJ6nOGe%2BtPjF5I3P4TZ%2BfeQBZOON9ORrKHXmjvYvO%2F06ltZlqk6NzgSEg0axXHh4Z%2FuLcL1tWjJWhVsO7tNJPJIRcQflxqQhHPey1FZnMJk5wpZuyta5bjKXI%2BfFvAc8U3T8cGDLiMBWhZQPb6%2BV8HP%2FTwxPvi9OSQfIRIvM%2F0fpdtwbf5JkkmhxWM%2Bizu%2BufwdBfVC3b93fZBcki4hO8N3avkNlRi93DHUnPUSArZlrr3XzKoQ026W5JFNaQ59ui4zUV%2BYCO2kC2zUVf2Ydad6N8ZI
2024-11-30,闪耀暖暖叠纸裙子,12.7万,/l?e=4830tcIZZBVqgkj2WX4U2A7xIDqLqpqOwp7W18Yj5qBTEk26jaEirbpyRHqsk3wlcVBeE61h6bqr2jbt0jhbHpHuT8Rw80khJ%2Fg7XI6TskHuL%2B9SUDB%2B6%2Fubcnhvu1b%2BE304i4%2FVkOHZUbrOb7vaOQkrusdiQhGD8dk%2Bp%2Fe0thHKAQXPCWxwPxZ4jVH7lqf2dC0%2FOCLsx9lJTBeNby%2FVZj4HulrBCEi%2FVGOYdjPct9zjla%2BHtVuYOzVzrzacEQ3Df5dZzb4M%2FDUK9dr2MWhKsI8mS9HryOIqRwKwMHJf
2024-11-30,谭松韵时隔三年又演古装,剧集 183136,/l?e=153fqLKVLHJlWOSCLCNFiY98A1tVXAMLpXngrSxwa0DD931KjHEFfXYtYCBnmV8vJh3ulITN%2FmVvGG68r0Rgh%2FczIqRcs811OE%2BvshKDFCLVPlu0ZbVhVJl851fD25VEHbYhGFX%2F0ry9TaS81IMNtolMDe69srLILvCRb1dHEhSX4OyPtv%2BGzgQpiMHJVUSUfBW7XsCOkYyHGK4HCgY2fRHsGcxaK6r8%2BhcVqo%2BibgALhZYlZyUNISbhEkypHCcYjwH39hi5ni%2F7xOUbfES5C77rktHuGqQbi%2F8GCZLDdQqVPCSNxdifNAu06%2FshdDBDhPXH%2BQOb5UHLDNrxIioUQeb0wu1rDmBC3Xh8
2024-11-30,湖人NBA杯出局,20.7万,/l?e=0027nIzukDM0NpAVbR4so7orhK7RBazBkGztxLe7SzVGP6%2BLpAHWAgjehSGrSus4Vh%2BiXQr72sVftifPpXV7KgZfS7hLBjGsHeg6C2LrLPHU16iQopT02pltYQWgpYL5eBMrMcrweJJ9fqDltqgTT1KQMhtYS0%2B0Mjb81imCU09rEddisEhj1rTpntvy9uHimxtxaSywQLL4xXT07LyYmFlYWcZXpOShy78guH2iASN2xImG
2024-11-30,Irene红秀封面,10.6万,/l?e=8d66fT%2BdvvRMYuo%2FjiOldKvGuvrj53bLvQgZr0X1x7MECMrsY69cJ%2BCCBYluTAjhXiI4M9ETmQlb7Mar60vauPDKaJfeyna%2BGwYVUw20QNloURVS63ROpudv2cqeptcMYdMsr2rnlBaPgfrr0e4IPFSL3C%2FoA2d3LKMLIlP80uD5px%2BYZNqBhl14cIkXKrztC5I873vtIi6LQkb%2BtyC9ZuZjWTKC87w
2024-11-30,周雨彤 没有预期的地方收获最多,16.0万,/l?e=32damz9TdFNr0G8cOFysS1alKAwr8LD6XvcdnV5E34lCXwH6%2FLVl%2FuQo4FNhu9%2FQyAVoGMoIHw5KTQYwBzwxp71fe03p5CA4%2FBkkc3XMLoxhiGtq6%2FV5n5pjBlTahKeavK%2FLUVkyfJj2exz6Tyh%2BDQC8ZaTXX8QFjIofjJDzXL%2BIuBUVoZUXaRvIIpoZT23HzhzQ8Hbju8QK2Oi5bzzT5ZpVV15bzYQH6ZT49QhDxZW0BMuMBxtRTGojk8jSFksNRb5ukU4YMXHdzpPlMWocSVAMnZK6U2XyoKvqY1kqk1F7UuzL93gNxSBBYKteANPFBhmwKgtvA1E0rvRhn%2F4Fc2p64V%2BREKRdWc1O62kKL5KJP0wnSHL4QxfeJKty70VQohAYKPG53FXaA1z72OnAzG5DBnUuzRaHA0oU
2024-11-30,imp谈老头杯选人规则,11.5万,/l?e=b8b4XQXi3FGP%2FJY8bhj7CSa8RLk5DM44boLxc2j4x00YwdeaY01vAdq7Y44wDG8j5m4KZERMHSo06WBoaSq9dZfM0leNiy6X%2Ba2PWGNrd8ocQcomdMnC0eCfyExPZ2JGDT59ozgfG2m9JfC4vUhwj9xVUFeT180m5ihiCak2oAikGcKqE%2BkDdxUb0ziknp6ueUK6n9V2YTrryqj2GYkge4FEuj1ch1prTw7j3Xvth380x8%2BIlR4VCMYFroxWC%2BrQpRoxWRr%2F4rLdQ8lt2oid8Z%2BoSELM%2FUPUZ3Z3UvVgGZfe
2024-11-30,张真源腰腹力量,综艺 124775,/l?e=45e4cjBLtHTdjb5lpDoLYKK%2F5jjEsfFYy3Fqft89toCOnHh9psJc4JYlO%2BQ%2BzwMR4pzacU60fewX1Pp7iaES8UGh2M90dT74qMl%2Fq35wmJDLP43IPDQHxSiAKrYhoP7Kl8Kbg0RO2l%2FbpeSlfXnhlwkn1FhOlnQgI22DNAFx1Znet%2BHyLE1iOTP8TX7GpnoGJ3x09D%2BRXlT3UrFWRHGIgEiFURyju10mKTlrMZnPpmNnxqS7hIGtvRv28ScuwABh3w5S55VNBbpvpNp%2FdP2L
2024-11-30,乔任梁父亲曾在儿子墓地见到造谣者,1267.9万阅读 | @新京报我们视频,/l?e=0b2c4AtC1B69x9m%2F5g%2BuacAPWmZ3epvortdJ%2Bm9rOkwNDyBlUry1nGBbW2h49G6QxGljTBGx8y7zQNrxskp3N6%2B9jy0tvz%2BHkWRubnbHl2F8X%2Bpun20o3QoWMWE6%2FqMyR28aC1H1agf%2Bkh5AL6U9ceoRZ7rsldeVbaXIRU1jI5wbTGANAzPtOQP5MPAXNaRE7ZQG%2BOln4CU4ty99PMoy789PsBLFWWKwkB2gF46WtsfBCtbHEsVx9o7X%2B6uKXzYZILPaaL5Z%2Fa1dBSArcyYAToC%2FcCzA4%2B8Eefxdwmi7w6klgBhgdg6Nz58ElWjR3jmvNIIalWqFdDeNeNCxH79v3PU6X%2Fwk7kTlex%2BtXskON9ObjVaOnI3GBmxg%2F%2BV2defl%2BpQRZXlP%2BB%2Fc7BzAlVwbBtHlw%2FgpeZeJExhRn1A8xosgAIsyCM7kr3lSHdfENUvaPgDs8SGh
2024-11-30,吴磊反复插兜失败,19.6万,/l?e=bf6fDSP0hNfxYcAmGK5svd95HE08LaLaNEHAqiyKFcavmyxMi8pF4Tgj8DIX1eGjiiHbWoJW9LfTh5QaKLG4HePLNG%2BCwomL4KXRmfh%2FIfX9dQOBQsfF%2BO42%2FSDIT82sMB6jJAxk8GhTmKDtEL4ZUQakdTqqprL%2BSjG7qaddRloeDWiFlNi%2BojvBvsb1XPF4LI9jjtoL4dUVYdWsQOg3pYAvV6fWtkONV3GwWf1tGs0Dn4IBMaDmJ4Y1XY1qOez%2BvqeE3MYdJ2qc1zK2HH5IgYLgxwlQpi7iX7xwi9U0
2024-11-30,麦琳怒怼杨子,综艺 363731,/l?e=6cfcpjWNRXg3iWlkbg40hBWf2Q8Hrw9F49fhsy2JWmdyPwwfbp4pLPfqTtlvzbxxayluxPHSyjSsNwaLWZC4roB8XLACDdGe9Omdx6YkuF9pneFjnb6VG%2BGeFTw8Z451txA%2BKKjqiSM9rCJnZbAJf8CTfq1OUs2wSPttsSrM2u%2FFCDAbAV7hOvbYdJwW2lmhvyly0Kd7jCrGkd1UE8%2Ba892oC1qvRJEcZFYHVJ6FCjYkINMu5VSUwYDMowII5y2a
2024-11-30,国乒与你相约成都,11.9万,/l?e=a46eKpK%2FcWG1YuDVcqvE0g0qNc6Ujv7KlO2IwdGqb%2BuPg1owVlRQeSuo3%2F4R2s3eiWN2Bsdr79L9HoGR%2BVZ4lKMlZRG475Gco%2FUJk%2Bhmt%2FBJzy3WQvn1lzP8oTP3LPTVEhmjbmfzRjqKaB7XCRqGYgfnYww23Byi%2B9wpgxIgJvIbb6pKIxoS%2F3%2BoCz6nhTJjnIwEoNjTEpU4%2B1BDR96djqHjSI%2FLRIePAq4dFWPUSb80qeGcOwiuwFIL34Pd%2BT7ihs%2BStJrK9VmAhNoam3UXBqqoqYTKJpCq7HvTa%2ByR
2024-11-30,军团杯定妆照,9.0万,/l?e=598fFLeqZDzujb8M02rXsuhU%2BRCUS0Ofg%2FOCIaz6sjmrJfprSL0VWrpfl7vbDmqrJ8NRPW2%2BmeL1B6p7Wlp5vv6T8sW0%2F5pLk1KAs3RqV5KT6ihC3mX%2Fg608gaEcrQ4ZhwOTwBSMJ1C7aCXam6pMx0v%2B%2BFsGZjHBRU9TpX%2FkvQjWMsMG0naSa3EK5Uscf6W0LXLAimIcx%2FYb%2FwnN4uTZHLnY5kn0IiMOCd9hg%2F9MNMoc1UDGr%2FRixu9AFrBClDci
2024-11-30,市民清晨排长队送别叶嘉莹,171.9万阅读 | @封面新闻,/l?e=28eezJhelQsXA3dX9qPtDlLXzDtmYXKnnF9v6R1mVO46lZEwlvPGSWSi1pyjcyZ8C7%2F8vjf3iYko0pv8Ek6QNAaS3pm7I7ACBl95HrjeuP5QoHSEZeeSDZusVcQsaBC4rZ0a0KpSRt1A2hRjg2JhBxkO0O8h%2BpYq6KpaPhi0shRwYgiuvvzu4CjVjeEvdFvYQxWjPNFPEFQQn4FGTvIcSC0N0IVhJopYpMYvxc3bf%2B7g8E28xcVguxxcE%2FU9gTjdHZNB3MLZ1xJmOU0BBfDSJKw8LNXLRlT7rOudXupbKE%2F6SoVoBF6fgit7B%2FPjKW38TfzWQUoOI8Qk2pIZmj0C9%2B%2BPpry2egSJeq%2FH8cs1s%2FOi8UVZn5WgaNFm
2024-11-30,虞书欣她拍vs自拍,56.0万,/l?e=f220IILvnR9LWBTNCRF702CTu0kJxP4YPvvOypjW3zVx0BRQWT%2BMkIHtf1kG3a%2FDl58LQErM4RFuWO8Hpt5XiLxA1sDtlCXBmQLML8NpbnzV%2BpKBHKT106qLOY6wgsv4JlLcUzZVJw9%2B2vgtRGcbA4fIkmtXwqKjRc032tsD4ZR01u52XXwXDoqlYeYntewrccCdeh857j6vCcquiw98h%2BbpEqtJtrNFmNPDekksjVJ3TzQXy9b4Drmuovc9tMiT3s1mK5nJ4UPNgZmaaoMUfIM
2024-11-30,蔡文静不分手留着过年吗,剧集 210071,/l?e=90dbzlvTYp8nZVVXWRy9vDz91d6ETC6S%2BXw2zDppzCPcmOxKEND3XahFYkbCXa1e%2FuHysxdVAO7lNnggXeXtS7rN6fuMuCdA%2FnqniVwPUt4T0cw27GeB1fRuu%2F3OjkTt6MAJ4Eo%2FRNQ17y96%2Fbe%2B%2BLhXPuKMCbMuKy65tkJOv11TLyTesquHLCDfkSz1BVbArdRWPgRG8482OQKSPqC%2FcH3JPDb3ZoLfcFFIL%2FvmI6dZ5lqMWAWMFM%2BRyDhU%2BduMJpDJOUn6P8%2F5npTqJoDSs17%2B%2BbnEN13ws2hEB8EUof6kGPhbKTnssWErjCRxws5bfpPED4mEPvDAVYYyst%2FkwcZ44kUtWQoQza7m
2024-11-30,王楚钦王曼昱出席抽签仪式,20.2万,/l?e=a2edKE55Bzngfnsmtke%2BTuGLEGtZgkWAA3%2Fr1EV4zER03vpd6tTxipi1X1jf6HoMdxIuO6t1B6xLQl10KYYqLhhpR%2BVNrU2%2FlCaGeg9fTwPmrVqw3R87DKQPCHDPKgBZLnlOKEpSt8sZLztNdS8khbmba9Y9kPiy%2BOs68Pe1lBBTkca6MMN8oer8Oj3Mmq%2FeiWnRhYcc9V0hxGWg01emjtvcT789jJAXGCl2meQEUByOYGKwYszgZJnOKD2pfCHGepbcmXPW7PNYe5Qj5N5eyq9NEtThLQlmg2cVySkhjrEu5A%2Fzl%2BEvgXFM10%2F3D6nHfttMiFNikfzTi%2FVR3yI4HFd9ik5zGmuM8caqNxQ5uR%2FgFkPefbomsVkK
2024-11-30,成都混团世界杯国乒抽签结果,858.3万阅读 | @央视新闻,/l?e=e9f7aLTcCR0wp4EqtKEfxJF6Ujez5sP9F9PNCJhQ35O9Rsul2kUVg4WuOm09irqgaKUg%2FbS25m2W4LFOu2FyHG6t2jDZo6Kb6TuBWiQNFFYbfVn1PjEWTQh8uNlhvpzHU6x7ijdYXLT4WkAcMBMXOK2pG54gDNs6GEBRsPY%2BSz8tdXq33XuLqVCYsGE5hlbkCncpcrWrE6RP6PTpHXKbT9WbkyZm087heST3C1vQe7JpTP0coi33iiJ4bDlnjSXkoqF9oH5O3gpaZk%2BWym3UnyrM%2Fvkeells%2FQ1tVIYwi33p%2FbO9%2B2DAjuITgf9XYxAamdTuPuAcp5nd1h3P1gnLwq24kxYbJZYfhmarBqmurIWurjpUnR2s218Z7sjDS9RBs4fKrZ2gcKr7
2024-11-30,葛夕闺蜜,21.3万,/l?e=d3c7p7ClpEKaobW8unBYBSm9SMVEZgY3mwefAS8w6h%2FdR5TfoFkRDX%2Fmy42OWeDdvApwpJmw1bvPOToclEDDqZepu94CyYRPIYSBkQRjO1kCFAXQAQp%2BJghGFxJBm8lanEu8dhFuJLwxBkZJhn2HUkgtu5v6LU0rCNJ2UowGunyVlKjmTSt3Iudag0VKB6XsgFSgTH%2B%2BQetzrgUVw04V3hXk
2024-11-30,江苏沛县一政协常委被指伪造文凭,187.2万阅读 | @中国青年报,/l?e=fbd8D%2BH3YkkiysmLdfqUcEVVx9748KJEhVrEkB%2BOvTTuX%2Bm%2BMdg6YXLYRBXOjiiCJpSDU6Eg6gEOVCafJ3voQzCPPesYupdFaaxMjCkXV4nV6OhBALkoN9pEsOvFBCacl%2B1pNVJ0sXOtibq%2BWAwJSbwPKD%2FjETNkykA7scXN8ESfHs5rupnjuwClNMyfz0qJcFvT%2BIj53se8RNik%2F0uUd3P9Yk9N4hS%2FqwqMl7rR9EWWMYWFIX9AJ5PmE0HVwWF%2B7yOMZR0j6dMOCKJEBhEffJd%2FChGw65wyP1D2Rq7leNcJGE20EXw%2FhxmC6Xr2OpN24T48wz4e7AUlQ0oA5SGCc%2Fc8b7e%2BM8pzp6KUEyeGJZwLQhQqZZPXuLs0gkLFJnxcAh2on4ajLgIRZGjnd8ENutaahjnedV3nIzBEoOjbo6luEn9Ak739
2024-11-30,国考河南平均竞争比96比1,27.9万,/l?e=b655qLo7q1z2rN3wXz5%2BcRf2kEqvN6lmrLinPmgN7fKWvlMflcnCz9syk7Xx6OEAciJqFZCiQSr5fcTBNPhj9gf2qejZk%2BuyWLkzV4vttIE3AJdtfffN6n3RzGRHLLKPDXm8aruVtNsfHihyI6hOk0OS%2BCjbUQJYCBZNMElvEpVBUC08JGRe2RBx50q0x1Lt4xzySm2i4KyHyoTUSq6JiJrnAnXeS33xBY27AvYlzbNzkw7o2eReoa5wotpXBx56yfUyS3P5UOxllaX2AIRGw6OIVpCcm9wMnDxBsMkmTkW5wcszGRMHalgcYXis2QNqujuS0Z6UhBSB7CME6UyK
2024-11-30,宋亚轩刘耀文互穿应援色,20.9万,/l?e=d615ebnPPuabtw8ExjC6fnLRnHA%2BHWT8zGCbYFmYkP6VrdcY4YL405dqT4MO95MLY4%2BTPS1waNmyfUJqxnISo%2Bgqqx6I5x627o0RUeMPcZLO1L42QPHgpDkHV4IBxQ6oKyNNs1YoHph2WiHnAtYwnD8icEMqZrJ1lBRxafe6jqAJQYWZqMDZkA1q7RxaX0E%2B7CSP53yF19WkVg1vLJDX8kCsM3MDB7tbu3R8mss8Yb2QmA%2FmrL5THj8Q2HdKdT3wlaidlOBVllnGHkL%2Bso2ZovSunJHyi%2B7ajB2XFuwZW7v0ebXTVM6qfeDMueLa21Q5HWQGVanRs2xI6lrTttli6tATLPgpjVGW2XIb
2024-11-30,击剑冠军秦雪回应视频被指擦边,34.3万,/l?e=14d4%2BIfWcEvtZsLP5IcjKr2iRQlkO4WOxI%2Bdvo93KbtUf079eK4dUBBajlXN54ZBuoxqc0HLsoreIJrD4SkLWy8uGo%2Bjwv%2B0RgFIVzJJKZRLOWG7uZOKPgrix941TMtdzDHV8WHsysiFZlC9mVsV53zIMHHJBqnfCZvRmvCsL4f0HcpoJToCtiF5yc9swUcJIRReHJC8ckYSPjUw5d9kthBrprh9dzgzn%2B1a%2Bc%2FnuPd9n9wAq7YtAlGw%2F0icW21ZefhR2ZhguJfodVtU8K7PnWN6KiggjR3iD%2Bk2%2Bi%2F1im8%2FKv1z3qVlz6tRHRqaYxoIcf2IM3%2FZFbbOpfRyKgeRlvL1KVGWs9sCa8UF2upm6LxvgD2yoRpprHdUbTIaQwCWX5JgLG%2BJo95IBqiypMTbZFS1CiaVDEe2
2024-11-30,杨幂一键开启12月,12.1万,/l?e=81e1TeKTZYNlSXud2hUU%2FixgoUm3ZVYA7BtUqojCSyckkYfNtAuWU4f%2BGR%2F433snT4Jf8Y3VTnHKyCQiIvL26oVGh8moU%2FwBoycXl8ARdzBCKBlhC8LyUl55BszbwB0o5PpZhlFvc%2FPQxTV3UMQfQA2cUjE61nQMrygfGWSYzQayuVgcrBB0GNzIjlNyYLISlrTZf2ERyywDH%2FPcYgLr79P8j0eJjMnzYsK62Z6T6Fd69IuRR%2BplAXdmaQVs%2BE9WCtOUHfnKj00pz8fBJ28%2FfzY
2024-11-30,毛利小五郎又当剧场版主角啦,20.4万,/l?e=572eTp9JrsfjDrWXkX7lS1fVN6XoGXVhgy1n615Rkim8c3OBpfkgKzK36P4kRIXrhL8Mrdj4QWJPWaouMNPHAPuyBoUCi6%2F845lJlmLNDsuhM2UbqVc4WnHixlUsGSZ5MLs2TRfYY%2FsZlkDZHwoFyD1cbudxsx2dJOcHk8RYJAS33jCamMnhSDKwRf6jqOaD8DF%2FYsMbZ4tBJ79iXfJvQqyPDyhkcVYPs331P5tkjjDKGj9QL5JFlxPYJqd7PrvlRZUh7rhWUwTVr9eRozYfnNn5UiJG1BBfPD4nr5QIsoDhbWdnHJaG9Kjm6IXkuL6Xl9BRfKR2qNOpCxQw4jpGwd4ycSFGfOmvZ4cAavjiHCDO35ItXEb1Rnhbc1ZGvvPTlzkUTRX2GlRD
2024-11-30,欲在离婚诉讼期间强奸妻子被判强奸罪,322.8万阅读 | @潇湘晨报,/l?e=f51bTBaU5huXnBZedoUJoWvF6UhwOh4smxK9TTe14dbpkJuqekfhXdmUo3MGCyq03xo7qC4Gj4PFtfi56qe3hXL3%2BPIajEfM3ZTn2mmUAuzR%2FbG4q%2BOoA56r46FXdMfVgWe5AcRWP08NA7hEUNju0vNkRcvmLMbVtMZpGsUS5i2yJYYyIXBoveu5%2BeDSKeJqexq2h6nri5yBKJ1cKoKbnUldkYh1cEuYk9rqIteM79tGZKT8zhYSZ5j8BFPePQKz9g1pxf1kNmHq7DCLuYcXnatiSGUWMkRVkcIKKwCssuWFu6wJn64Nq%2FH%2Fv5o3mg%2BdLozALV0iYmCC9v3AM1KZD%2FLtFnuX8SHSCzje6EGsrDLRBu919V1asKUrJDWF5ka6qz8HmDIPEaipRgwHwEZ02vGFpcv9iAfnG6NjEAyKI3c9GDSYZKZCqmLaTbI1OZSwkt8BWjFlMCaasIOMwXvOlPrr766z
2024-11-30,尔滨冰雪大世界进度条动了,9.9万,/l?e=031cf4FwcWRs%2BMyKI9jj%2B7FtVfS3U1jAS4Rf2280aSFs5TscXIox%2B5Ps%2BO9BifCni8GG2dr9ykGZi9DM7VRsplP1Ee%2FuMDfMFUg1EljYoC6l13KaTjv1PnWEXAg1hHxp%2BDwrP1DvYsVXMM7xM19YKmzvytIj5bF%2FXTgJ3ixRuN%2FDLFA8ueEXoOA3iqTuF5ZfK6MEkbPIQN23X%2BCcPoaxDMAgOsP3YOUtbJ3rAbNU9TswaTxUY4rEONSWOeMvzeKlurZT1l8zy2ZzFV4Uc7lu6GemTXz1xIV7Itn2kfB0MPxzNF%2BG0egZ4Ku5K3VsevTJOX79X%2FVgmFuPjdbRyPLdu4FdSXmLzaYLFGAuoHpYj2FS1UN93bTBOtpD
2024-11-30,团伙租借国外农场编造养牛谎言,476.2万阅读 | @央视网,/l?e=254foOH9D0aW%2BHFZ1taDdOiAYo1j4wiSS9qgDZ51SGvQM3DpVmYZZ0D7lnQ49UTM41rF%2FDP78OewsVopDMkXDrghPPZK8M8bxuxurOaZqhYmI8EfFqIDD%2Bl6IpAXHkrPeDusWPM20TyGw14aH6b%2BrTHP%2B7JhmGA%2FKOZ6Ru%2BLh54wErXSEq7eD0l1thfszfSnUIpHyQt4w%2BrMgr2q1iaVPK0MmTDSLNFjq5NZJRRBovY0MF9CPk%2FzuEPPJEPFhv5HPIE4cIm9GK2S2JZ0zT%2B870zGj6xLHzcs6SWzRuAAs%2B%2B3NHb0iJfUO0e8l3ph0cNONdN4gcvTkjRGlekgwTm6ybREv%2FNN6pGlx6blGX1UBywKm4tRi2uU6tNUfEZbkUheoHCYg0icLkjrg6Eqgn2g6%2BZeNsMxhbzK
2024-11-30,张小斐首唱电视剧OST,剧集 265243,/l?e=4a4fLtzf%2BqziVwsJ9IzSKEGOgW6YI1m2W3%2BZxx5uJzQ1Z9RMj56rOQZAgVHJkRlWuGly9TsUqaSCfHzVJ0clXINwqtv2bVUahj%2B8pDO0mdCgFSVFStvzWjbTtqDIOeNDlb12ePTJ%2F8ZcA0UzT7NNFc7Zmyoaknw9%2FjNaOM%2FxJw%2BPac%2FQriREtrL5%2BBkqYPzKFN2VX3fOn1iWQ9SQVTxmpUCzEk5HaCVD6sABkxDfX1l2c5GT5BNlsDNBKOLiU59W8YnMB6XSGQkX1w2%2FAXb60M2sSNGpUkAPXcoTEX1EZWw%2B
2024-11-30,朴彩英李泳知APT合作舞台,音乐 76995,/l?e=2eeezhMuY%2FN1U4qigG0w1RSRyfgmAa1t0GvKIXYLAuSf4QAFKTlzmMGI1Qg2vJijb6WUb1wECs5FJV0wq9TUd%2BJZUmhXeH%2BhDsWbDmFf6V7hH1ITJfAznHCmk9NeBRUMSLHPeU1Z6%2BH%2BmkjI10Odar7ORi%2BS6SPHMN%2FeHqxkEb4sdL9bigQv13wj6DQMLg36Stn95XQrzTbW35TJurJ1PeTnJp7oLqNlBdXmHGdv%2FooWKL3Pdlw2%2FnuXkKmmVWTROaxIgML0bRT11oubr6hMg1fhiDhxS0B%2FfHNyqDYn6sORYoCeTC0DmXTQPxlEH9z5zTCw0biO8jfJQVdnu2SX
2024-11-30,考公上岸后的体制内生活是什么样,603.3万阅读 | @三联生活周刊,/l?e=49a5rmRoZWrEqHNgmqtanxXeCOiBRnMExoh2f%2FOwIvzIhMs9Pc%2FL8VkV0jV1w%2B2AuSNTvw%2BGzsMEDCtnA4p6Vq9Wbv7fylLl0GeakWBnjhJi%2BITmRhmBuNrh8O1nmEMqHUpM87iH8oZhtQTPzha5BSgWJan9mA6iDECa%2BLgowjDbuUYSh%2BJpNR%2FA186hm6uEdXyYycr6PKXgNebIa0oOH32ZRD3wn8GOKJcgaaQNQFSY%2FH7YfczmorLyAmwcmFoN%2BgDtYFfQtlDUOV%2FKBih%2BFgz8x9AjRSBOW2Sqm5QSrjSPyOL6sMYQ3MX067ebQ09HpbpIptcrLsJXwYWybWuyRHfKh6hyyboN9Hkj607uKD4obs9sGU92tBnklzBg1P30rmMuFmL8vji1tTZfTv2QbF%2FoybTFeZz6P8ddltN9h4Ce2kZbwJ6h
2024-11-30,龚俊 想看腹肌没门儿,26.1万,/l?e=bda3IuzmXlCLRnPawxmAALcswtQl0IRaUD14HB0XJszTgAyPKJ2SahBVSmSajBcaIIBn6X84yzcsZz2Gqcpoc0o302xnAHUVHqhabquHjAq9dcvj8dp39QEqDrlFy9%2BcddSU7O%2BAqXlcFU2ziRfQ2ygxEkPr0olsjJfrS3PSJGskzN8Kh9%2B0VAabEEVi95sqNnl9ydl0AcituqbhbUqnbpOt8xpVt5zfR1YPlwPZmAX28B7Eq2z4ge60%2FjXQkDbQXVHnh0MXjF%2BZzPEvRukNTKam5nfBPCV86bUvcKaiy4Sxj3p4TyY2Pt4r%2Bk6kY%2ByR
2024-11-30,王珞丹换风格了,39.9万,/l?e=ffabzPrcf%2FGyW1tnfEAFulJBVi12oO17JI%2Bpeg7BcpLU2%2FiDmF8Dphw6gfKrUCmaC4Bm7zupS3pVF27sKdZFmDMFuEbmtBm%2FeRKUmdcabns6lUKmrLY2ke%2B56dhofhDwOdCj%2FNOoBcJ4PqxlPTSMG1%2FRLyfMCxgaCfCfSyO66jctULwBJQsMHjpkxLcTvkH1ZZocD3oADoBmu6o09aCPxhEefm9s5w8lm0GbSOhd%2FYnESRn%2BkvkMiZmJx6chXMJjPokh2OBWGKwqYlKXqFUj
2024-11-30,龚俊想上旅游类综艺,9.1万,/l?e=b845S2z95uPdjDEqBLO3Wx0Vx4PvxuH4GQI%2BCj42loDFR0B4q64L6%2BMXKuOVAkWfCjscgq48fObapvNsKUW%2BZ3D14TMbDbWdrfqr7Bx1QQBdkG13BAUp5nBM67HXpV3uxfLi16fRxysQ5BZnSbGcppEgECO6MTm1MnOMIjoBo2Z%2BSzPpbi2JTvBba59j7FSr7y%2FKOrHXHFjc0r73%2BC79JkbzwEFvz4r2b%2FZnYt48r9M6FtH8UfevjLBvUv4rRsq3xAGepBVtOs2e1nguyHxOi1iGQBGeBAYOvIWSgfQ89WbKoMnuQ7oUCkHEoSrH
2024-11-30,15层高楼四周下沉2米多深业主心慌,422.7万阅读 | @潇湘晨报,/l?e=c792EmdzrLaMsQaNEEPQlCkNDILrtGYA0DHMPM8HaDZ1tHCFhRX0qvSccHnd05GHKYVsgSWSie3ueo7pbe5mEicEN34s6vr1eq%2Bmpov1hMw3u4I2XSHcRFsR7z9Q2VmjBP8Hp9cG5%2FvNcM1pX33Xi66zBthTDMz%2F%2Bh00l4JVqksvIBSJcmG3iMAfUQgAYAl0Ybne%2B3dwJEjeUi9G8pO7oIXDlYQk5loBWnSvzpoqK6112RHQq7YCnyo3d4EHwhcwNSjEPn2YxnZvPnFwtFlYnfg6GuE3Ida%2BcsVSdkMZ2xOK4DaQe6Dr%2BFZ3R3afXTUmm2m40buvmN%2FJDxpIE1WSf4nQKD6KqIaK9NUED7tU4ITELF40zps%2BMR1wEhfYiJ%2B6RBcUJSYmAdj2Y0GpWtSiBBcK7SL0lL0Tg5yx
2024-11-30,四千年前老山东人的惊世之作,259.9万阅读 | @新黄河,/l?e=11edJ0CdnWLnXzZg3d0OTC785tiftZsIou2lTiDT24ok0agr%2BNlkG8Y8m%2FSfwmZ4tPwDrt2LPLg1jCFXdYMASL5N0s0Wq7UHWhfgE59jFj1wO%2FdWtpGZiknZLxOchiqt4cA252%2FZhd%2Fehqs0ZI6vOUGB14Om3C9qPdouZBd5GTOPSzXLGWOqK4p%2F%2FsP2Ei5reJznEgVdaE%2FuyZc7%2F1j7O6qD2esRXo36xpZ2B9hJzdN8H2BF0woyfiBzGDNdiubg0fLxHROyh56%2FFpRLWJH76rbEWcncHBivHnVGwEV1tAFP4kWBBTBySLAWBWHAWzmVpx%2BZnE4jqaERihQGZx%2B5QHX%2FWRUrfudu7ovdGP8Qo6YXjH2ie%2Fh7b4Y7TewlKYXaxfv0uGU5kBjl
2024-11-30,樊振东王励勤男双,35.6万,/l?e=e442rlRC3lFL23nuy9eHPDqMWT%2B5FpjF3nTHGcNpatJuQfguvzFHTjozEpxlEwPxojHoOtd8M%2FbkLZp5ESOTk8EPTQJqQz0b2l42fgckOU6ou1M%2FPq9UK%2FPS1wK5hDLyHzLeNulGQQGwqPnwR7Mq3ImNBy1oJLQgcFNaSgmEa0UDkLr3w%2F6CG2Qp%2FkLhyrK1ynb2GlMADoLGKY31OFEecvo09PF8OPGRjg7citpvkVq05nZ2KKBxKk%2BuITyAE3o8yLJajTa%2FoxzSlQZ%2BADyQIf9chNvrT%2BD2UG4GxQM6
2024-11-30,香奈儿在杭州,35.9万,/l?e=d6b83DCtnAc%2F3BRktiNClafiUsxJ6KVTxgCYDgbE343cWAFrE03mqYCSM01OD51qjVEEDLz2sIacFBuhrBgmHXvJWawSNwWs99rb2N6Ms1m7pbEBLdehDtI3J3n%2BJQMZMtY2sXNAmCtngKq%2FKLBA79VT%2BHdmVW80Jqy9VJDOwi%2Fj6dop3UPq%2Fdqvy%2FLqiWrB9IAZ7Fil7mvkT1jjJeux8Y0tNHZFaS6HG8Odu2NKojHRA7gYmFftak%2BjVKXvkmQg
2024-11-30,香奈儿时尚发布会,17.9万,/l?e=d9c6JIrgqT1Y%2FoK13LJLZ3WtZ3hqyRL2UA6k5NUe1scQlMSPqDwt9qRkyjIOXbuAt2FsxNcMGiw3069cgf0voRc7FXMjcXKZCqygAqLmMxkRYIgEtqvPoba1XfLk2jENfmiA6Y5Xq7wBOsS9cFXSws%2BmYc4DK%2BERvP0bLNm6iMzNT16y9o66b%2Bsrnl1TOwKOQvYcdt%2FYiuTOq7Ml7oJuh9lituP5HJnZP0nyZIvThVcAslw2VbQ6nWJ3XwEV6VVq3vmQzZzM1WxepGUWuaW5Mnz1JStUsHMJpLZ%2BK38C
2024-11-30,夏之光说自己的身高全靠鞋,16.0万,/l?e=d7d2xIyOZ1IxVX73aptsvRCD1TN%2BtBTEE%2B05Rwh51gkkl319e2iJWvizFq%2BeAOs1hVGYcsWNh7Hf%2FX%2FKzPaaOUwvm9j7UtnPXeBgOXEJdYupXfeKrYAw99A6eNik5t6k1T9YH8JzOJRYFMggPV4aMooFXSRsGQH2DaP0d0cH58%2FfBo9bpkJs6gisW%2FSygabGTYnmvWuwdKcqS2gOLhsei7nmW3G3ivMWShhjIOWNxT5Ptuc%2FMiO1OSLgB6ePrR%2FvFV8yrvhMLZz%2Bv%2Fh9a6gEV0%2F30ifKIwa0iaZZH4afk3hIixeYBeg8jrlrK%2BMDlZ6g1DMr%2FzWJ52kdB0lRGuhHYXt71rZPF4xXamo8D3K8oTgloxX93wsPbdr1
2024-11-30,梁伟铿生日发文,12.4万,/l?e=441ayGo1yIhHbXZHXs1eZo2GZuUANJuO3j9LdkR4ZC6BRQxmnXlDRfNgSXWYQ0rLgI0qsyyC7hKC3lr9vcNYfZq%2BN6TtbnfeIk3czw38LR%2BAFd3xyf2GBAMM5VBJQ1nClE5JckACrXdmrMHAr0mE5lPWbVQtL%2BFhdF8dLxWSGT7AYNNt05ubZfMhu8odawGkk3PxZweEr7ob95MHRDY1v684Z7QlkdUCv6hnLgnIS%2Fyn55u8j8w%2F9pS3FgyNLq2u98vDGUOvO9nfQvWJuWYn
2024-11-30,患者单次住院天数为啥受限,159.4万阅读 | @工人日报,/l?e=c3449pvxRvuG%2B%2FyE5sCPU%2FQMNDBTBQxMYYHx2M8wlUF4lqWWw2AflP0BaKKv3uXo68eVbIo0vlB3TFI3BPZ%2FGb0H2wTHS%2FyUzTS%2B62K%2BTtsuCOp2asorqqjzWfhrVYNUUVC%2BgtN%2BuDlO5Rj5lvZKv4reQrM3Z3pfakW%2BL6XcZ%2Bt1v4AXTPEni2uIXzellErevf1ZuDNHu9Ui%2B7RHEevdIVRaUDXFSTJe3ftVl8Cc%2BTW9d3fr7EiUG3kTTfaQl8MJbSjuxrjjcRyc91vAalpOdmJ60ZHm1eQbhW6B3EMv1BJo3wyAMinnSxaByAKUfrtD5oQAlAGpeV4lRXkZSrPI30h7KtoybC9KyL1fhTfYkkBs2h4ZDQiM278R
2024-11-30,易烊千玺优哉游哉,16.3万,/l?e=1365vnNXlGmBHwZYNnoSE2jwmJFXq987rxSFBuyKyzKIDbzOzWZBHcOrjH24N%2Bq7v3nfIwH2TBB9RR%2FyQ%2FqCJ0aAozVeTl4gHDZdaryIxQ4TEVK%2F%2BJmOfJQblVQISdC0n6vw72SFYNmCBSLK8d9md5hnnx7ufODQ8aRs6uaWD0ILLHnrv3zPAMgf8%2FFOUhO20xikmVgjNq0%2F2%2FswTqsjsRnHUUN4O5yDWlya4Qi63Z1Df0fHaewOkciZzt95OMb5oqTmKXYabXsoeLXfdMJhIBGFsegkc3WVnSYWWjZZ
2024-11-30,张极耳骨钉,16.0万,/l?e=58404CGAxFShhroXg2snkoM3i%2F80C7smVM8tMBc9x4%2B8hUy6klQE5jceg%2BlhMgX3DO857mllsuAXYUtuR4fMim%2BXcDdqVyquLd62X98xrAu%2Fkqunkb9UyPdFZXBJ7DRP0d8cQ%2BAaTAgiv0YKkK5Kk2n%2BkzZrUX2YRG0buqCB3Wn8kyXdZ0cEDElcEwYmMIL1ziyS27l3IZRn42evHaH3cWc7Zq5oRqFpvOq21YTr7%2BxT
2024-11-30,TikTok等回应澳大利亚社媒禁令,8.9万,/l?e=d09evEobSDWXei0ua15%2Fbv74mR2eUjHyeNP%2BnzGEb22dtWnqEPIEyUf7lhuJPXvmqgEF%2BibKpAOfRh1rHImYNQRug5ioDpiHpwd%2FyGihGH8Dr%2BfoygvPSwRQIZ7PkI3hfgHqtOalScyX%2Bt3SdRptdn6LyGSCsaBTraDCIANP%2FUJ3rjYhtsqk84Dt73yA4ZHi3GETkzMc9vVwPAT8O5tgkhD5RafgIbxKGt0iDDzDiTYD%2FYCtBUKiXG1Ojsg%2FR%2FOeu%2FOP0a1IkR%2B%2Fcz3z2Pkcnziooi71axv1vsHv1rDF18AmGpUfoqwXHa0g5HXg70UyWfn4RtK3%2F1fWybcl9GMWTojLaTW8AmFvX0tNr88YmGAj
2024-11-30,网传李行亮歌手2025试音,综艺 556685,/l?e=40bb3yIcYIaWzJzY9XvBQL8w7Kk61B3za0nLfPMb39S7p4LvVCyWqrOpvWfZrCGYg2wSQNp%2Fz0gBNRv6K8s5Hlb7dv8onDfCoVaeBiYAuKWOO3RT3CtVofhRPYqOrjSQu9wSzamJvEC40vNo8OrHiXpklolqNITXn90dgjtBEsFINZEsWlTPOq%2BzOJUVFgNaG5ciEWwpSSmamyh%2FNMM6GpKNPEnzPRKNK56mpGAFNPywm8rhRkYsXyEn9sWuvmnZj%2FgKcg1R0kj1a2utDR9ta5lPKJ5h5y%2B061ohy0lrYbHvCS1VI9FLIVuUI6cO6JMDHg
2024-11-30,黄梦莹斗罗2阿银献祭,剧集 78494,/l?e=7c0d59%2BORLqRVu35Z1CQt2z2TT3Z54R2kyiHaAsPvotoilaS1zjb9F6Uq23DGpF3yv6G%2Fde7fPaMo3J7gQz8pKUFlfOY%2FwG7NUlYRYV6FgP2dMUFPa50kmBdRk6a6AF7B6Le1zKQd4Oe2sD4sUw3Z05r5jS0bhM8h%2Ff%2FuaTk2WY8lkAfGyz8M31%2BznS7p7Ir8YtJ0rzJqmBz%2Bznd316nCr2ozrJ94VwshwbHuVKVMVmRwirw235xaVGd0CPdkWEUvwR4OPeZdJ%2F7rgePdhTGnUTA2B5LX%2BhNc3btRUPsuPZ716Hqt4mY8gZKdNTtFg
2024-11-30,莎头组合7年夺冠路,9.7万,/l?e=0f13tMaCMuPr96SpEaNsJkJsVU0vfYW7ewesCiJ5swP5gWODgONJQ7HkWG%2Fk7FHyeucE02149lKHcGbpYfHB0UfEaPFcf4SNR3rAiLdY8xxshV9MDKnrbmvROCVtOi%2FDds2D133mLa6qWubBSikYMLBHqCN78D34cIjDD4Uz2n1OzIDxm%2Fc42Oj2Kc8astGwY%2FmpvXEeWK0V1O0Dt14ELU%2F0eLklttRtuJ37fLmS9T1zPEyhCgKtzEI5nRAYGsgXteZkMmVxdQcicfG%2Bp2zsXmdLrq3WoeOU8uLICZx1sg
2024-11-30,柯南2025剧场版手绘海报,9.6万,/l?e=f7d70Ah16KDQecVT17IXxbm30U8m6ctFKVe%2Ff2e34bs28%2Bfj8kelI01uFrW7XYmrGy%2BCPOQayGEyPfqEx7Etu41Xz3lDcXdTRBPJHfH%2BUIi0eBlu%2BmiWPTgGCtKBA7LIsj827cyFccR7rHTFoOW%2B2HdWTFkF4jSCKvqViJwBFdN5cRDAmsxki%2BtDHUQtKRO%2FITGGa5A1jN36H28%2Bwpot9zXtRLwy0INDwBzv5F94BxY1fTEWupMjnk0RgG55LwuZtGW7vv%2Fj5OsaaKsW1DeVopU1xKv9YTF8yseLbJduKSTCUaZl26Mji4ttSLoefZgkMA
2024-11-30,有谷子店卖IP周边月销30万元,419.7万阅读 | @蓝鲸新闻,/l?e=c260m0Lt2SnUWPYYTX0tjS9jWeAAgOtwzb8d7g8kyVt6F7LgrQByN4FJvIfik24dsfhYBCCrU1UkwfDb9zXx8pxQp1SIiTuWvufXstrnB6n84hLkxoVJReHrXmGZdr2LJqOMekVVf%2B6o6cRyNEDSfCEGCA0OpFPOa0jyKrGWBnhAL5M6VxSmy5b9t9RSLaQhHXfEoYQYwVpMePBrLgc15HXMQMZtSxKSwP62UmFwBy2ufjAnKB7M%2Fl5nLY2vzVlmn2X1tJyKIRYEnFOPGQ5d4GyXpqpXmJy49iA8sX4a6kws90sIs2KJuumdxtudgeKD4oJVmFixKiOI%2Bht3H9ec11PR8s3Ui6jpq8aYnBpI6w
2024-11-30,星辰令这把打回忆局,25.1万,/l?e=7addkor7hurOF7tTt1VZSJtJNpE0WCX5taA%2F0fxMCEHjCYXnn8Ip6w2B6GiLZ9vUX52%2BS0KfFJeUcbCvcQ%2B0L1nQVi%2FeNuEYVGetBe5K%2F3H2cNbSV2YNmHDl9Ij2leIODCUJeWs0WORJ%2FGOuh4hNn2uIpaamraRW10GC%2FH4uqYkqDgeknTTrH6Jn2UaPZorot4XU7FoVMKhaeyfvyXLczDmc7GAVPFCh6JMfMj6Ry%2Bz1PHPZS87nbyzPgQuvJ5HoRF15MBmCvrJj23Vlbf%2BgJnEK73TNSZNa74b3%2BnScWJPp4mvmdDlEEccjo3lF
2024-11-30,TheShy和男团大合照,10.3万,/l?e=1141JIrkGJJgskr3%2Fm3eGcdx7SL%2B2xCfq97JDzpkwJSyRIJXBLgdSsSMoE%2Fdo1PDoZhUAdWzeAuEP1c3a1V66XaNfhC7ca7KJ2Y%2Fj74FD04MPCeNJ9Abuzxh9pPhvmnekbzWJsvBzO2YDxDXU9f5ah15OdbulG7JxlyoGUj%2Bj0vdQrS8DB%2BOiNiaN%2BLLgd2aNPbCLlGAuE5GFC3T49JhW4mbP8JEd0KDGaJtFDj2nisnhM0teF242x0ROEGoNiHxoyIGPyIO
2024-11-30,2024年度动漫投票排名,20.9万,/l?e=999bar08uDWS23jHTN%2BJifFuWSc%2FMJwPO8ZQ4VgFEml9fPbHw0O52WlL05U4gt9MpT8IK2XPRH5X2QqK1blWZdPZoBJ3iZp%2BBiNoDRiyam4dopHBhIRcuPDYEv7ukhCcFbr%2BG%2FZuX%2FcZsCDlIpzys5P4ey6FOgsLFyFERrSMUVj8dHl28%2BvWDsn8Yn%2BwqnoXGRKHEqZPJIX6MmvBY6l1LXKvAquVy0%2F64oWw0FpxucR13GbeH6%2FHI1miZQipgJCoLJNoGLMgkHUU07F0zTNI%2Fp5a3nNR%2BKXFUtf%2FI7wuHFfKxA
2024-11-30,我家那小子开播,综艺 200463,/l?e=b6956EAUuhkulDJbkSlhLOldhm4SmE8KAkRsaBgGTZI5sqp%2BekS3bLUCGBEw77nEuf8lgcePn%2BsqqyQrjsp8F8e4lVz88Lny%2F%2FT12pysx6K7L34Nltjz%2FmuK5fRJGIRY5B%2BxYw0vg3%2BUR%2B48w9x6rB5AyQ341RJqQ%2FQXHNvleD5I6ZC1xu76LuB9D7k34nDFzNjb%2FzpdNWj52afe29MVEB5eE2XtJG6YiwPUEf%2BWwIF6yNnT63uLMJlXYa%2BQCodPGTeXQs30y0Ypa8uoeWto
2024-11-30,紧急提醒在叙利亚中国公民加强防范,367.3万阅读 | @环球网,/l?e=20ab82b4FwlJ7Y0tzkQcVa%2BjVj57PxqX%2FlKS6fvD2h%2B3NfFWHHr%2BUcRiNGz2RSsOz54Wpqn%2BIAHua39uyAfNUNlCXvRBehXOcVFTjs5zP9G048jMca4VKbdVf56OtC63xN2HE1GvNDNQGtqI591tIelBWcJOJDlTPmg%2FEnIdovnXUsziVOJqd75NTF2D3Xo3xnAw9Nw%2BoVzAEzizxToEWPpabNCOH0uwAPiyUfe%2BrqYu%2BmnIzExU%2FMjqpY8H0kGd%2Fo0azVwAuF14MELPMwRq2dX6ungSkuq6%2BtCngrWuMHsKwBD5l7NNi23mcN3C81oxdAhOBWNvkDkjuOoyFQKMZzpMdfG%2BH26A7vhZA6CcQrw6n9qv0PSWY8iLelFaLAECbhc3KmFtAejRPiojbjOZSYlsLBvGQlHyBsWB346tSQ4UBCQWff4%2FwaiqsHzykcd8dI678K1i
2024-11-30,fromis9更新解散手写信,20.5万,/l?e=1b72GHfxcs%2BU1yZwY3dKEby%2BVdiLdpdq93CThb9qBdS%2BkSnS5juRqAuZvOZ%2BLjB0sm3HSvthlpdhI8Lo7e5KxCTDSltdxYd502Z%2FPUi2VIkaUSr4pDNrXFVdxirRfIxkTDvIExwhkWRIJAvmgwDlfFN22Tn7kYum3zBO8uGAFwutHKHBPXfzreWRgCOIUWi2b%2Ff1fK23kWIfER%2FwdCfusgxju6ajAqgzTurSgJV1xaJgdWG9NVUnvva9tLruDJiC3497%2FGfVIGyd7SRnf3qtjYahtCoK9A
2024-11-30,郑雨盛道歉后李惠利的表情,盛典 542653,/l?e=9c3f%2Fk3lxrmkMw3hB2g3RSYOosgVvvFD0J%2FWn9LkKcfCxr0VgltE26JjKdCrazRBBjuj1NFuRYw3pXSaf%2BAArebC9Nc9R6P0XcypqR1wCgsn80v5dp%2FMLHs3L%2Bu%2FSDNv7n7%2ByRoLtFqaQ1JpZBYsBMfsb8jmwAz9azSGdXhP8npSAErj4ezNh4L6YG44hgtI6YRR6VTuJoKMs8a6VTfFRlzdBmKy%2FBs9oyN%2BY3vJaQljEFXwzJVkuZW78AXyCDMXSFsRQ8dJumrMWEmR0Af1TYiNAn0JXMMTZu7THP%2FIWLELaijo7Oyd1y0LH2IThgS2t7eJSLIAWfBY%2F3poXvCllu8SoRknIlqz093n0x%2BjGZp8LuY4Dp7ihxE%2F
2024-11-30,飞机降落时拍到的华晨宇演唱会,演出 123207,/l?e=d90a%2Fks12kF58ITHc9%2B3zlMbUv7CwEZ0gwUmwV5ttQp8vngbxpWg%2FbSovwqLXNIVcUoJE1CBI0RugtWTjKa3yhtsUgWQgZ8bSPaa6TSX1ajMBvGu5kL0KsQKI%2F9jgeaIaHfBrPaqJNsZ8VjrjblC8xfQYzntYocdvvztVKh5%2FNvqbzoiJFw9mXPlaZsRZPfYKSaLbrAwvdXB5P6emeF%2BRk0xWzB3S0OrUSQ%2FkpeQCRXvNcrggl%2FxpfexwOtvV1Fr3nKr99QsMPxUlwLzFUpXyzLdqFEnCWGqdNGXh%2Fa6zPFREJPIZphg4F47%2FjhadjBDRO9BgiiUTwkH0NplLzyffAYdgMs%2Bz2EVUA1xinUjjamjEZYwBdSQyB5fXtt9h505xufQbwlEUZ5FFbmmYMaeup5w6ptI1IPe
2024-11-30,阿汤哥女儿被指身材走样,14.9万,/l?e=0a69OOx%2FZU15TlL4iYLaVBfKnAtzpgSDe8%2BggKHF5OTrG1T%2FdLjZeaNnPHIOqyIokif6mw0kEE3VPScDck56jjmsJsYelg6n2KeX5gz4rsrS4getRrs%2BwwDToxzC7PAQfuYlcJQDhFh3wnyeadLjZ54QpCyK4BpokG0cY7Il%2BmjpxxwH9um%2BXH8RjWOAo61282ryH33m0ev%2FYIIUXencYQJiERvH1ldY6xmfEAnAy46Tjs9sbJaruDsm7P31H%2Fxwu2NpjcCDcyBbuEbrkfNAbMX1ATIHb4JccsNiqjOl4ibcT5aVlRsYDquvxnX6hPLLh15Qzldg3bIMX42HYGsY2z2Bo7MS59C7osrc
2024-11-30,Tilda杭州拍摄宣传片花絮,8.6万,/l?e=28886kPgEn6qsynnp6ohXSvGCgULhIgQIePcH0lL37euRtmIsaBFMoffbN2ISgHP5jm0nNa9g78f%2FaJdMBkL7RRAiuDNDJgWB4vz%2BFNRRrge%2B3p9J8Qpod20IsPGnOL5Z3f9DRws7giIk5fqzZkHwe9ddA2ZF8hhIv84VDq5m7NK%2BxvU70BGOOZqYM%2FshVbGqtZ%2FO%2FaVulOAAv4BTGdNb9J1KDkcgNAtzDUS9O759x7ahni7bq%2Bo1VU%2B1fidPkbrU0KjnbXDpGd4Psv1GE%2BbWaJWirNZaFZ1rFiPNWgZPNW1IaoacwGrH5ZRyCKMxCtjQ44
2024-11-30,白夜破晓 小允子,8.4万,/l?e=d6d3Kclr1Hj4BCvmWGr8DRru%2FXp8MmJp9R7vbaOeMkZUKcdh5AjEGPdFsmOrTHyd7Novcov0JLQBg5a%2BH8s4ELQgihrVIslDMyuu1rY7E%2BsL44kplsxL39JEJp%2BpK3%2Bbmrb3%2F6k%2FsHet20srCjrxrWwEZaNYef9hwB%2BZeFVS5Wwo5EwJe7AeyzLcNe6AWXyYpkjj6rOHUPBva1wXdTuO6pb61aSZMm4%2FV6TDZSQRIzggS%2FMuSDJIKfakDZ06FOh8qKJ5t93srUCWtoaWJklbU0uZ
2024-11-30,王楚钦孙颖莎奥运会后再打混双,14.8万,/l?e=045er2yvZmIoqcaojMuzXtoE8DAK1sZkuxiT1fbzZHuOkRPaFYcMMSyjHQL8SoldK0dknFZWDSKibyycKTe6X6JIV9Pp6ygAy0svDhUBZfoibctH%2Fs6NdRS%2FoirgBU7eREEwVsA390rcy7PHb0nIIHHLclDus%2B1a7AXISDoAbX2lCOVNp1gAal82AzG8eQzN6R2jJzy910dLasIDK4MAsVZwdbSEqq7UxTswSikupzfdArFgujR%2FOnIL3ZMH920wDxX8F1OR7OUAhs1GXY8FriVsyF7aDEAM%2BFhz3iIcARLsGMiWdmdQi%2B5fc5qZ7hCeWleE5mhEJFzD4goqjybN8x4wiz9ldWNvZmNIroPtvj6%2Btzh5g1hdHbksCNCPtjLihLso1EFExXGdB2YJWaltC9WvECQuFjGz
2024-11-30,倪萍说贺峻霖搬箱子搬到两点,综艺 112189,/l?e=716fv8l8hpHeJZlIfKjtk5tuWogbHFEdwEfz6iVExIvRoTnMzHSiEJ1eZu6IofO0R20YJphi0tbq4SapLohxUCRjAAHfCJAIGrHy6O%2FEQvDVV441%2FXnh1Upq9JW6QbDuA0tdDU08Do4IS0xLsH2SKRlpa9rGcFKkpf7kPs1UV59TYTbmzUfkW9KhKNvjtlnYcBTiJzfYCOAB4Jz8Cb9gDW7N1tkXbw6vi3ECPzxLmBEhp83r9nsUcOBJpGga6EcCQNpToFq8VSDPqh%2BD5RamkliI4vGW%2FJkJxer1ZIgiJlIcCZWB1Dh%2FKIbpTSdpap2xD7blAnnQsPxqTr5JfSFA0TfWs2sRIphbGosCJJwMwSyWIo5zo%2BL%2BcbojLKxOHJzQRqraVzYD76KW
2024-11-30,丁禹兮杨仕泽卧龙凤雏,15.2万,/l?e=ab24CVeuhbeu8iOpfXGxQX2EkrHzyyj1zo2oreWTvV2RbCV%2FYBfgL0DPZ%2BhtgBP1Oue1o4TpRWbxOzFx4cfzjcPUPhGouzhkQemxRH7WXlbcFRLgAb5ApN%2Fb9bCwUGHiBckbQ6MVUcYr1ZwzFShurEq2tO4Yr1T0b1Oj%2BDvCtO6Uy6LMXAVofRLznDQ7qpXeqKegrWCzslW8okNnIbs5e9MOM1z%2BLnG6BzUXLccZJY%2FbJlBCwuWuu5dutR2JpeQh%2BCekxxPfqHRL5zuRcBCcOPtKFVSnTIch3fwwnepRteQmPBNUcJ32%2BVSB3%2BIo08LCwoSYlmqEMIMv9fJ4
2024-11-30,世界羽联卡点给梁伟铿庆生,13.9万,/l?e=5edfdyyxuitm8ZiIbmZRehyLq%2FnxjZ0RryEGkwU5pgLyQBd8NjC0IQHs32yx%2FYQCCUK2rNAZUDhcINZA7V9mA8%2FiOTAz1C90jP9jovDoyM3JwsvAIcYgWe1KK2c%2FklUuPBoyi8bsDgp8ZhpDtcMW7EZhA7qYTw6Ddy2%2BjpMseKFodOPbzMHDBFIzCZF0Hyb87UoDPeRPTkxh6qqksp%2BclK7XaoeK7OU%2BmjU0JBwZsiBN01gxWtjjRgu5WP0yiLd6bmPRBzmxpIy6KCGFerJO1QHdrVdoMxuTcl6UuS6kghba4k17qc5VLpWw8EkKB3SsLY14WMefmJbz6FpBixDrSWxVHYRKmHLB91iny63Ub54IToCRdB7VUYqZ
2024-11-30,因果报应 垃圾桶插鲜花,电影 95014,/l?e=f28aHQadI6UiojQuAvgp6do72fC0fiOoOj0zDChvriGFhUtomTRyJyquj1LpJPc2YZZnCuw2yeg4aWjGPz57HpnPkCYmIq8SPiJ8%2BNdZqRCayJXjAAKys8R7vyiR%2FTDpAb6%2FiJpm6FGTi%2BNjqPzWYpRyaCBl5dbSWlvbochQFIJEX%2F4M85w9jkXC35IkBOe2J497k%2F3%2FtOJtzMAs2kR1f8igoQE4zlYekpuXr%2BYSan3MiEo%2F2AS1L1032svnkjc7HU6kqtXCs0Doud%2FW14MY9WqG3Y6AeMXeCvMLsm5y4C2grOaXTZUkKyac27CZ5Uo8OBuTSnreQaUAuhqEr9gG
2024-11-30,为何奇葩证明还在为难着基层,958.4万阅读 | @南方日报,/l?e=0117j2bsCjxjoD7R%2BKEOsQtmydMjt4TE8%2Bk6QaIN7BTFD9ylSSEthf1826xKJO424J5HgybvlusRTHWhnL6j0xO4T7BRqQy1u6YuJG2tR14tPBlVYqtHLOsoe%2FS0BEMoc4gWOEAz7tlgXLCoYcGM%2FgjNQAiubBfICrc8x0S7P8iUYVUljATOE3PVVLw0PT75gk2U7zS3xjjinSbEB1hEFf0C1%2FR2xu1h%2BMELy6%2F17Q3x6q%2F1SqnmOnr6%2BDuw%2FOpain7maju2t%2F8XZvI6HJKzRQP%2ByKC%2FUZU4NmgF6uzYocCeFAyGu%2BBr4tlpANksPGMQPN92LWQuBAbL32ixQsnXJ%2B24Yp8vdtRJRqFtCEHqFxmneWbTvxJKAQSfAobCe7JgGSsYL3uv%2F%2FCI
2024-11-30,蜀锦人家川辣带喜,,/l?e=dd60343yXQ13L6q%2BPR%2BLv80ff4YKxaAnAa4j41KOjMIeA9tgC1CiNlE9i2vtEt46%2F72WTVaMtQiQeUXZas9od3cIFvYYhwl2LfGwyxFNPCOQzau8bt%2BbcktibJlD9z1Ht7Pxkf1ri1g2cavYEmz9MGDSsIQRe7jmYEJCqE7GCjm%2Bl7jBZ%2BIW5rH9g2j%2FHKljwYcNcmhshakKqkznBKEw%2FfVbD6lTaz08Rr5soGa1%2BBvBV1wmTk3vAItz3y61YVbcNFmi%2FIA%2B7OiR4xKFVLBSHhub6z%2Biv5wtOY25Y8vk
2024-11-30,沉香长大演警察,剧集 96693,/l?e=3240a9xsEH2NQQW7RJwJzRyFNluSj7qYY8oapEp41k8hJHkgGxev7RGaOzxGzNKw6wOipURtAHB%2FvOdldCTrnK%2B657AtDGSWVOmGWvb439P%2BeKYpK3M7KuIHHN9OeCyYWsKBgcwDV8o1nal%2Btov9MviXLNbJS8WrGWWh%2Fr80cCcrX967LWPt1ssfbBlvY7DbYcljLk75hZqgS3V8BwP%2F9nW%2FD1NlX4NFWNcq%2F5SCWFYAQB4cenNEOYLxLfjzsuWAFXix9eTyfyaSNtj3m1vm
2024-11-30,梁伟铿说和王昶天作之合所向披靡,12.1万,/l?e=bcf21lPc1B%2Bfskato5TDQZ%2BKUmnjwXZumK8r7y88AMdEmrqIUJgxSZPJEGEhFkJwQlKV9%2BXgdbEA6Amg%2FmVRYJ3GJGkLpkEw0OnMHvnk%2Bn%2FGzb1SbshLlC%2BstIvHAr2zhkxisaKw4uOznrqnr9nFu2PKZUAx8outWG9S4NY2J2UQNNLq8s%2F%2BBALDhFErtuydiFOtrNFRN8o2M%2BrY0slIWmhsj%2FI9vConx%2B2B5TTs1Fn%2Br52GQomxG%2FUAEzoBEWJ2a5Q%2BIZfOXjZTGDZjNhX2etmEyYCs2sk0Nbqe8s0%2BvsaL6DIVo7qGQKxs6FtjA1Me98sL28Y%2Fxs5kAaiurTUahW%2BoBK8Y6ZIgE9YdsAJyVVcn4KlfKJDFdKQ7%2F1%2BE2JGVFuQ8ZpQyGMPFKSdjtw9mCXhc6a9%2B%2FezoO%2BeVNqKHHxRkItCyy8tH
2024-11-30,金靖月子中心vlog,15.3万,/l?e=6e13afezwqMsFCI0QFaMg%2FzfRMV3jquBUzobo1ulDBkZXzI4upb8Bbngm5GcDKZN5%2FdiA7tUDfKpkPaWn0EMOBzvgzOVNbSlE6unuXYJCp8cMlfPfngoERlKPSiF2Rnc7BjBpHmux4HfIoRqZtxa9ym8pWl11ZHJfQ79tU%2BwwA2G1nD95133hJe4yxIyRklqk%2FgjfCxcacUx8b7t6fY%2BTO4c0GTmAHzId0FuDDkP3nN4T85KJCAIwBY1aGUcsXToiNBb5w
2024-11-30,丁禹兮高马尾打人事件,9.7万,/l?e=4badtarrSmn5f4TDJRqxVtSp3EP%2B98jsgN2iEynEtNmqb2zAiNV5LJ%2F62b2bOujLONVj1ZTtwg72ETYm%2B60XJbuAtGsq%2FtBpYQTOD0m1rUbkzKED%2FtJ%2FCSYT7hKo0EBs02jZ1G02LijkgTjz9uIgmKg4QnZaEycHqZKCDUxwJ5LTh8u84GnyeMj5nM6E0gUWk0NS%2Fh1Bh6fwwsS7HcUA3JNRCOSIMwP0jzrP6PXeZ2jxW7f9aexF8hq5vSLTE%2FOMO92VmIuSL5KDxhm6ILKLH8WpF98bByOVOr8pQgvXnkM4pL5O%2FGYQH2qGwjYI9oueqJTuu4WHMZSxGC4W
2024-11-30,这些OST一响2024画面感就来了,20.3万,/l?e=1dde3AzPGV2pzDiwjKz9CVnABCRK7jxJRPTNyc6k2nvGVNbR08Lbx8022UbRPwFPPynD08r3Gh0LPL%2BF7jgFCk8GfGj2MEFuyGLaHPsQmQKol%2F3vscbreMs4YRGHwMJ67yxvwYwNIHVbw95dQp4QpNdKofwV6u1KK1TcuDaHJDzU4dotZN4Aq8Kal5AY7XjSMcFprgsY4Ku5BmeLXd29%2BsnslCv6CkWCkzcYpV8ObDTUQJmKMfQSQPf%2B4vpn2G%2BVYOXzWyR%2BnH5IIjVzh9XgqXGmWe919Y8T4HIWTsecwkp6TV1S8uv73DRGrUj6O3QdDGNEzwDl7VLe6xwakC9puAlMYg
2024-11-30,英子开门你的川来了,25.3万,/l?e=d905Gqh%2BAUn16OA7b5yTdFxvF5YcFe8x29bZ740dTdu7D2O13FdGldtgqrR4lUuOQWfeQLjtxJFITljyf7diIV%2FWxmw6xG72BZf3LbPfhM%2ByMcB1wQOCG1lUhik7cjrk9izGr5begl3VhtzoFcGnd1QZgfbh83tQuBSAqBu%2B4uxEs3FyUyYrJCrOOXTEIwmMUcUPwXc16t1PKnY8PE9ogolL7vCnC1YUSOQKoLSEgtZTWxZ0jMMcKdVu%2BouM2ujoyfMR8UVj2NBZAycJsYuAPnPMnB73uAQfgd8GCIfgn28%2B8odBPDxcyohe%2BxUG
2024-11-30,陈小春养老保险有点多,综艺 181600,/l?e=a21egOTaGqdfe%2BjRmQe%2FlYALNJS%2B0Txcvd3eddtC5GUvdeyWcqCgHYhpymKx%2BmsWsUHDt1icT4FVUeoFqHwI2%2FAI2%2FL9HSizHZtxCr8%2FuYq09CKzKHg%2F1g95clYPbhQ9yZ28Prz5IMD7cmfDyi3iJzkRS5i1jIoXFnFxGkXjXkYqrTSDZvTClkj2dOxI4qgoF2S80%2FsGAuURJ%2FP6F%2F4NloTfbdtHqZ07ht8ZacWQIxLUmlokHiLYlKxXbYmwF0C31%2BXAoDD8VNx5QEmvY9j%2FNcWgoD2KSHnGytuRbrxbgUJbqEYhK3cw5dlxbviyuSNOqXN4hbNezSArGbqR
2024-11-30,G2回应Uzi说和Ming复出,9.7万,/l?e=5832aa5oxNBDO7%2FOMXnu1o3VDzs6pCh3Rrv6egE1cNXdaSbq7rk%2FBT4maAKrh7Jyr%2BTsWdKj72HfsnENiJDYv%2FIbKVgOEZifzhkp6H8k2Z4jeQX%2F6upy63W41SMWdeS6vWvly74V11D0wvcabNqXvz%2F5daamvUZ2zl5GFH59WGjUr2TxKx4sI48vE2RWKJeOKXqJ6KZUnSzkrIARuKqsSRQhqxnaTEbd9ng0p6RObW8VFK7PNpU9EiNiy6y3ecbQI36BsDw8GGh7
2024-11-30,国乒队员用一个词描述成都,14.8万,/l?e=d5313s6iW2SAYWSoNDh9mJJIMBFeeLHdE6SQB7m2M8uO4UmqKX%2FtzeZJFmxoKcW5RpyS9xliafcu1sBl6%2FQf%2FlBe%2F5bRXfm1cyIf9Njm7SjrzEsgXo4PNuJdugrRGmJzA4DXvouK%2FGQdwbASUih3KYIjMY48wKEUIT9n%2FF9JJQVQ3sLFRIFQ23oyi6tMyY%2BaTdgs8k8wVB6wcaeNSc0UqwA%2F6BEptgwITbfdnVBdBnECtwzz2TFn9ou9pDwpywUwLeOZLZbDfaEMT4mAhImwe7CXbSOgWiJuuASkUvcg5jUcE5E8eNQeT3wa0gmKZi1RCI9n71a7dW4faiSGCVp8cF2840QI6lg5y8NAH5V54EOEKXq1%2FRx8fnT2
2024-11-30,黄景瑜32岁状态,12.0万,/l?e=7c96cmP1QfAtYt%2BmUgImGfaEGlrssbGTpSLkRsnGJoSYN6%2B5URF2%2F2vFEyxL%2F224RETYlbDhsha0k2U7XEfpbAKB8mJXp03j34r6U5f0WpwkcoPA3RVX50nF27g4yJfaKlzOZWb2utIj2EYqSR5LS0hsWNASFbnz2MWB1iMwuR3P%2BGWljlROIteATyurCKdGCw8HYoOtss11i8tFLEEra5VJX%2BBgUKX1M%2Bkb834v%2FdN6WC16gxHTV025VYTFhxmYzXg
2024-11-30,兄弟俩盗窃2000元被刑拘,183.5万阅读 | @北京时间,/l?e=8109pHipBW6MDSXyFqe7F9NX42bqpcPSR0a3PzRT0JX4T%2FUrmSm7t55tmwhrH77Tk0TU%2Bq%2FuIE65nH9mbJ5gK3cw%2BDHAPZekWZRhUT6hseTpDtDYj9WmWc27WnGyxTT2LUsPrtgrwk3RVUZV1mLAn6Fzm6lLydilogfYBkEj%2BqL6fYMkRqJLrNzaYGV7IfuyUKFRkvY4aFNIWobvLcuN2jAnXwooMbKFj8XyC%2B9px7DCgZeuJ%2F4i0rUZuWjC5ERs%2F27eoAPoUq6WyDEpdBFVvvBKNPcwVG%2BUJsS5wspwteSKrKOut5NoT1aVdGj8WsXrTA
2024-11-30,钟汉良O的生日约会,,/l?e=58efTAN63K1BK6QwgZeb%2FCKXVeWX9ckvHC%2BP8taI6XY0C8U4PJReKVr6yGMJnOjxEsiM2Nc1BMZMEl46wEzncoGbT1t01EC0DvNdv1ruFryCFUZQhUR9TFbXMwpm8f6RojqAo%2BDLx9aksZHk93y3KxG%2F3FchwFyYhhMVKsdz3CzRGxITo2b7klQ0FO767xdQnYqMXEZotxhtjL5o02ADVh8P51J1ZNgHEO2zMbgjauDlTlNN4gH3%2FLyyZSIBwWp7KQb58Kuz2r694noe7lGYp1OmstWPQ8%2B2Hyjjp6F5Tg
2024-11-30,时代少年团不放弃走过曲折,20.2万,/l?e=d2ebpLi8hrgdi9XyasUEq3gXJBc3dXUUdDwjkogV%2F1jmZv3o4bv8lPf2EidHLid4FBgX4oWn%2BR4aoYyYKyfLxPOHE5nGUkhDL6ONdjWBbzs1B2Rs03LB6%2BX8Xz3xnhyPvjweysEf%2FNza%2B55%2BDELed0OIzobXdlkGEv1jWiwWmFESlJ%2FsXp5EoAjWWgTm2QASOx6ChPDf5Z1L3fqmG9YIVABFxd7ViIhp7RdgPVgTHG79SluxBcmc2EjGjGqPmXUzUDC2vrW4i91ZBnSd5dzLXQuKXjc50Qm4FDLrTTMJ8fzyXPb8eRSiPMCcY9uY4w3iWaVrRYE7OEzJ8la4WDx1Pa%2B3Gac26HEkUCKR0I9NEXG%2BfcxZjSEdOwln
2024-11-30,王安宇怼脸拍宋亚轩,8.9万,/l?e=fe81tR6EdIoHjdQ8n6InatkMOFPumbdkKjsdWPcKrNXN8pu8%2FrgNkzN7%2FOOfFU7zUntYjkDw9uShok1lbM132f7OyWiiuZ0EIIY8BsSd7BJZQWWOYKXK9fE1b8Tcd4hWEnu7pfEK0wULddXIGHLMoDirTR0xdi4G58PouhbW2kVLKQh%2BoF6nUzbGOFLTTvbZxFSg7nsrEKZQiRfkyfo6yBK3bG3CG%2BV6KZH4bIWQC%2FzwFFGWJzh5FCZ%2BwoQmRiG8SnpWBxDH9z6XsxdHHs6MBtJp6wBEHpIKUO6SUBCzf8mA7VKuXSKtF6zQyHKY
2024-11-30,王安宇去有风的地方旅行vlog,综艺 110088,/l?e=04dc0tr8gH0m31PrkOBzcRvV%2BHhpmDS7bzs9U2spNoFNimEY7w7c27%2BFQjK9jzQ4apF0jMqWib224pfQfUJWTdWUkT45JImk%2BwwvRoxFS3iMp66qa2YvmkmaGzTUZ8hxoAziDObjRQ9HmikTZZkYXdqRi2YjSnHCDDVkkGh7K69b%2F6yNRwj7dKWdxQikITpRfm37OVauF8u4ockRXdFhvdVQ3H%2BEGUUxwDtK%2B9gSFzslhxuQMlHdN3%2Bj1zEwkt3ZdSN8DKcrWnRe%2BEdpkfjYz73BtD3%2BoYwduZ4%2FmDuO7gflnN66laFC6N9X4DLJ05su%2BM7lVVEfi8eGMNWm7dQaXtzGNaq9n1qpbK0Je%2BDHoQ
2024-11-30,衡门有狐临江仙预约破100万,剧集 162237,/l?e=ab3bh%2BUfgHdNz0XDMlYr3DB8CB8IG6mPeO1BLHghWrpJnp2s4KDNjKEMm5s0ypeHePmiU8b2guVFQM6uP3SBQoQgP66M2pM%2F%2BpiqrGNFnOZe9G0mood%2FT%2Bvzn5rpCQPRsEY%2ByCq9y7o6BJIvwr2Bl5TG714iNaJpePzGDaK32vHAI%2F6Oa%2FRndRJh9H%2Bmg5OSLN4asttzQVNlw6ou58pFHZS2m3ZWAZkrWnctwPzFAK2J93T4qeFkJgcXE2J4%2F1axxzkM40BjQEqHIZZEMVo6i1%2BGkF7sO8dtJwn26eN6Dy8BIl8Ke1Q0d4XPa9fMQ5i8%2BrQyLNWQr0ftqFdrT4IwMBMPQ7U0U9VZe8%2FfZhFV
2024-11-30,结婚3年流产2次竟是老公精子碎了,21.5万,/l?e=173dptZELIUqWGR5tA1D4W%2BMdPS7fDqQKq8Zhdlal2p5dbpQ51zJOzD88KbEOuzhN%2BzjENTugLI0rB1KTABoXNhhm8DuTxSkMbV8mj4y1blqwPEUFJDokU0roztPHdKKixFXlq8IuGXpcQKonCjiDiK3Y8A58LuyUQXoio4GWl02hkiTTrbKmJCNcHYEJwPWriliPjdmBcFB%2BxvP%2FQ4zQQJEVNCGnR84dV3sFH5aRorNA5Sl7AW%2FvYglxx4uQM4H0pNFdnWCaTACSE27ystkhcvWtddBaHCQS1Mlzg8jjWr%2BTc5sUhYlxzDaBxlrMVk5CbUO29qDLMmU6Wt4huMBoCQ3CdwekLu0eYEOKrXOS98P6tftfW5Hr%2BlR%2B5wgzATW%2B%2F2yowU0h5o96v9sNHhBOsxDkk5PXqtwxl8
2024-11-30,叙政府军数十台无线通讯设备爆炸,12.0万,/l?e=0d17g2FMaY0BxoPs7ejkvLc8S4L%2BP4WDt%2Fs2bs8AtTbAGk4aR2VNjCetA7e4%2FxWBB34OIMwEnbPlomlK4wNvYZ3zg9RgA8I7w%2FPoEApoqry2MYRCy9TmXUpXt68BVnMiDbR%2BDNfd3SFECn1GYXEhFP71WnzamajqvqxDWtFz1VLzvJ1V6Bay0JXI0gm6%2BSwk10Wdo2nIeL8m1FP4SrN0vLHzYuzXR7G33a1gheg0T52Bn0DVffKXsrauU0DkpXnMT%2B%2BlnZWFUxWLhx0u4v4Ih%2F0hf2U5iuCGzg2ndmlbfCayJufrW5L7DXe3TmH0n6rWzAN3nQX%2BxzaViVfOqrcSocYzn3Yi3O9wffjSl7qrDuAZ0lMu7L92KOZ8zxH%2BSinc%2B%2BuJlZQ0fCcuCKX4o3gfPbtY7Te%2B4XTLksTWTKUgoMYYraBFFgnH
2024-11-30,男子为吃野猪设电网猎捕被刑拘,170.3万阅读 | @澎湃新闻,/l?e=6c49xnpTr%2BGVCHInnywAc5cM83nFIfgnFHXW%2BxFJXd0cw2gBccEvE5QMLWMzE4XZu0eOz8XzY9Gtq21j5xOQDS7%2F%2Bf%2BX2aXflZWGwcq4TwBcQKq1YmQ2Leog4HzyiWQgNux9KhqQJYlNQm1YTEORWYSKPnmyIBzDFd1OShsMzA4SWpmw8KkfBGujQV5XwXwl04CoEbIsJuIEu4gzIhrdrLwioufq7bmCIQYWOXZ%2BXPQE2sINq6BHwnflGesLLkaFfK0eWHHqnkkd1nfT4SNGprknXYoPzRWenWnFKXkRZVywEeUB3aphTPfIKJSoL3QCso7s9AyDG8aDIN0kMBuGGcT5Zhe2zczhyLjDPK91uJ2El1%2BKuGeqjiSSaMNb7xeleZfY2rY3B1VCta8aBepz7NVXq90IJ9Ob
2024-11-30,国考公共科目笔试,13.4万,/l?e=b7a2hZW0mhvyW2VzjdZFPUBHdVZkt%2F%2BoD03ZO7vwlTmHphxyaeIZsNNdxse19C%2FpxlpfW0pnWxaP6J23vFXxgROUJ1NpjZwUpZlkTKFY5bUWcLT%2BBegz4UgfYJz6peQ%2Ba1L783QcQnkgSEKrJPFqZPXhjYY3glx%2Fv%2BDoWeRtmALQw8xGUPK8XTtlFGAIrauMQYgz%2BwXlr4QKb9s5NUULDjf6zSpdEm6FL%2FxfQ8QKX6Y6%2Bb6umIHI3zftmuwRmljM4cth%2FBbD5o8u6%2FaA6l6pUcO3UrxDw4lw3gsGYOgP
2024-11-30,明日方舟 棘刺,10.4万,/l?e=a614xlohU97e7J6kvmTJ5yrLBnG%2BK4j7LtP%2BSo2L253flX%2FGuiARz%2BanlAsaVCUbvr4aJWHWnJjOySF92UG9WU%2FtOoQDiF%2B9yFy7FjoXsdoB7t3qgeDbi%2BzdbBdNk3UVQEiy7rzNaKHBa1BWpfsGFG5cZ51KAHmHNz40I1TiLcOor7iS%2ByhK%2BgMptsRgfvBs9G8yN2PSy1v0QQNpDezAYUfaP2VtPG0oZhqy3Zr4OP1ACES1pRMRtQnrtSeCbOPKXGlX
2024-11-30,鹤岗暴雪独居老人门被堵民警救援,1233.1万阅读 | @新京报我们视频,/l?e=dbccKW%2Fr32zHMENo4QfZMxAC60zqUry0Iy0LGacZLwZ1B4aB6PW9EPH4XOI0TJTH1TBO8Vu5N8osZRsXWmU09Wb0vn7SG1UtYpLlxWyu8%2Bm9HoZ5a1JLWXqnLPqYuo9SxfV1QSlSOwLiujRVXKWOAeJFtYa%2FwcuX1US3WwrzY%2BQfRsla%2BrrKTgevOVKdRYMsQEdX00GM59Be9w3j3i98mk6F%2BHcaSGJFNa7VD7w8TvBrVjrBF5MjWyZIRRvyGnlwPiCTiTVSnzcRQN0dlp%2FEuKC8KDLtTz5qKkD04QZd1J6Hhtv9%2F0rfSDiH1%2Bbj74BZj6q9vZyPcevn8%2FVVOtPFcvWY39fMpig%2BkGtcvF6DiwdZGNcMXB7Zec0Y9ms9uv006CT9Df7TH4rJ7rBumOFDn3jxjuc3v%2FSFMpcHxqiQEEXmJ%2BXKLUXM
2024-11-30,员工已读不回负责人凌晨爆粗口,3923.6万阅读 | @新黄河,/l?e=9095YZLZPVyF1ZPcPVG%2FMbyr6lmAwhNP%2BCPgOlz0IQa%2BqljZc5Z7P0c2OO3Qi475wfOsFem6t0NxvPIqj4gvNs%2BW2MqijY%2BwEmYYufUzwh%2FChdTZG%2F5oeYsDyf89UBGkT653l3QNq8%2FbsuGKBt93ID%2BE3rGMF55mpzYmsW4cmFLRJKj0Ig8s7mNkKy%2FFCDcYfYG4IErH3%2FI%2BfoB7MMLLP%2B97gyrSlRAbBM4EPMLEwm3AaikevI2qUAnwBKuoZYvkx%2BOpFBe2LE%2FcSI7G6G2iSmW8a4WxIKQMHHEXh25DBj7waPq0I%2F48l01Sus%2FIu%2BqBQEY71LYZ2hxZ21OZKiUZveTcJZht%2BUStT63jqiB3TBcCxX0XALSBWLtirHvPrz74iDjFTNIznEqKr%2FT9xwNOzp4IoE3PBUtv
2024-11-30,在靖国神社涂鸦的中国男子被日本公审,4131.6万阅读 | @观察者网,/l?e=4c1cHfyRp0KRWE%2FsfhSbyFXUB8EOfX6aP5nuz6Hy32ojTyUHXGTkitncBt6xYncNlH%2BygecX6fh%2BIw%2B8I6mRR42cde5GU21QQZv%2FfMkTvlsOkhMgrjQSgWCrP5X8czKNxffwtHPxu8v1dnMLbVeKqmoLWushq29tiyG94wgvhbQltyXGX9SMsK8Q553zh1OU69M2rsfrMwmxN9BEmgWA0%2BDMcSJVxjakmgysbpsFRGDeXjvi4neEBdxt8CyUU0DPbfssX1HJsfzrQMl%2FEHvOiJBKrTZ01D6YRxFTC4FzIL9NFIizWOlwFfo5Qx8A3aY8xpDXJ87klMcSfZFEOqueecz63jhqdHT%2BvnaKlYTKg5r%2B82gGIYPY8P8i61PKKHZHqrnMIYKNFKdyzyUbDetyIVVfpi1Om3BGXwo7TVJpQJNwLaWc7CwWcBTSl3e%2BnEMdQM9JOKo4f%2B0VVimjxWjd8I9%2FxjBO
2024-11-30,社恐i人在大山里找到向往的生活,135.9万阅读 | @南方日报,/l?e=995a%2Ftyn%2BIbMMj1XND8w5vv5NmyNKWSefjJLOgGBYH2HgmfqEhZOypM1O2I5LtJ%2BWToP5XkUh%2BX5BQI2N%2F%2FhOCib83xWg7yOR4XLtIDj7n9JhkGhOOB91bxlTXRkM6o%2FdD%2B4j9CzYRpXu9mXcJWSCmUYTJFtCSPfR0AT6Y0Ahqenz3Y60yx1uIq4OoaA3qWvkNmLMuFfSOMMuT7CBjsEAgN6bcg2bDtondVrOWsNTjgBgVmRk4j0Izpo%2BaisI8eMyqldXAUdViIEjdxh4RDmlL48SJMNyz9ZHeagri5Vw%2FytbOCTzFt%2Bhjtoquwls3RRybOLR8BhO%2ByRP3lV9L9t%2B2rfRkSTyLFIP3zlBY%2F5C0J6WMwRQZkROuZ45ZFbe8OHW8Oc39T4cGfp8Dx6fkAYYM7oheeKsO9WxA
2024-11-30,iG官宣重组,17.2万,/l?e=829792WjgcSZv4WHr3ryxxOfsNBoaJYdOLI6rQfYJ8QXDdWIU8kgx0vBRLkpLq4r3nVnFTVFxd5HQAnZA1slJydkjqL%2B4LOG3S0lcMaeeM52%2FQHPV6OsPd80Hk3fAtDAg4mw54P%2FsanNgD8doC1P8i1tRnrET%2B%2FiNLAmH1MuiNqmvPk4a68aKLJ21UP2eDxwWYqlgy5te8QHcTfqqoAditnJ3aQ
