Rank,Title,Heat,Link
2.,男子吃掉4500万拍下的香蕉称不错,212.5万,/l?e=3581N79KJX4DVQ8VGNxefL%2BuwDuFP87aHCuR4q91EgZgip34KIBybrNIH%2B5YM3jwfzzdh17q8c7ZNK8DHIv35jYXMdYftUcxJrJqbNTMOoWvJKRuDt6vaxNAQL%2Fcg41lWUBJQtJ66%2Fho48blJ4bvFAh3rz9iEmwrlXA6KanInQmqeb8gPbtI%2BE7XFpVq7Fn0iz3kuzsDwrjQjVeIYMX%2FoVuLqQOSfA5gjTN6q4cgLTxTa%2BpDyJhGeyVBw05fAOb7OIYdqqHmsr8P1BdAzRFv1M6v1T9UV5a51Vh%2FGcR3XSsMPzqV6gcORRVYhHKchTFYlLElpU8YVp25CcPex1jGNrCjGapzjYbJ%2BeH0OG3Vjgl8TIEzZpR7TVtVH2bgZ6mb6LBSrcM6ZoPhgPsA%2Bw
3.,在靖国神社涂鸦的中国男子被日本公审,124.4万,/l?e=7059r6OS3U43LDyJ3yKVwk9Y0BvncMS6snkoP3MeM3%2FKzJFLo2gKavCzekYLRagc8%2F2BEvidbN7XAO5a1pLO9xOXGBIfABAKXYnTPQJfPZaG50QGqhsiT6lD25ex%2Brj7SAa6FJihFOs%2FIGiXN7wXDVwAaYJMvJg%2F6Y3BSr8DswZ9MsImSg97BR7mzf4V52GH8HOOTgj0Hr5Wy9CaKEuK8mMrDBPgGBYfQ6y73uQiAqD4Sqmh1HocdEgh0adlVTqwQ4MPZo3LF%2Ff7nRKqJJgZnDqg%2BmK6%2FqgIwcV4EcIFJ42v2222whuVX5%2BTEGoOr%2BGJiuBhWQH7YuxI2QDV4ymbf89bQpgDKOUI7HD3bCabxOARtMYCqG04UUbeeAGd5mlAG%2BWEokbDtDaSyaCFeBvJTSUKIwGhMDUjepPZ5S3ZRyFYfCBP2xIY0qm53vH%2B7M5otMyQCNaxGdUd%2B%2BDa%2Bpb%2BQV9Lahf1
4.,何以中国弦歌不辍,97.9万,/l?e=8aafpGSZAyty5rTl649Hx%2FxjkumnkTWPr7dchH7uUDuZ4EmMISd0ZaxNkSdW06zQCxzsZvaWz9NqKYXy7%2FojbdASt84Vk9D6iVXyQiNn%2F3frI7jSbGXpFkLjEJt%2F9FJ5DJ76fJBrAFFD2ssbNOenlzRJ4oKX17wTgwUqYP70S9MB1Yu2RxNF4LvbEoy8w6o%2FSIrkd0ux1Ld6CEzIZ1BGeRh%2FY6EOZ4lXjJaq%2FmiCugQytvPdRat1xjLtJWkv78WQGp8qtQfxJfEhLeUhtDnYNtgrEAR9VkPhY3osVUzH
5.,男子确诊肺癌医生一根针冻死癌细胞,77.6万,/l?e=b154O9Zag3Zi2pEgQLAX6W3%2FEu%2BIeZRbRNAq5ujkDEVHXLt0zKiIrIrrc3onbSnLHSwz5ZRtxugdnZMC%2BGgdTL50wHKx8r%2Bnuct6Kn1qvXmjMiGa%2F%2Fm3GFbu%2FvIRPYE8nD8zeNtWFqOM0sqkHE2t5KADk%2BO616Vd8jtgLb4FrkRWp3EO44gWA%2BnmfAX88NTJedjJzDBkGI5W%2BKLEI45JCVPY2UQBy9YDw7EeKI2YV5n2n9lT4LCZalz4kfCXz0f1XGs98BvmYMij1PQmZuKPK0Uwd6EQZbZyIgScQpiSulniTRBJorqlu255zncP5oUNyzUIaaqKy%2FUf8hw5t8T63zF78YWC52QNCJPNg%2Bg6lam8Lh9yGYxaFKNV1CfYP4FSkkDKZ2nFTJVVWDV8OYREChHSIZ3GBkdxOuJ%2FNe6qz8QJHzlB79wPBeihJZo%2FFLvpVRWobHp7
6.,员工已读不回负责人凌晨爆粗口,73.6万,/l?e=09181srBY90O%2FEfLVj3hakzoLVkLngzU3vDbakzx%2B1CSvHMWwM0XM6jxaEgPiLGuXi7QNris%2FttpT3aCcMWMT1f1AFsvFYbX4%2FI7kFml9njIe5L4%2FXJwfA6ibNumEQz3joFLOEzeGEO4K1fZUonqopp2eidjusUKBx030z6dWH1Hoa059BAn1bAl1Hk9fub7tkRYk5RKlR6pZ0AjseBFixRKz1Ml9Ov%2BWQR5G92vEbASxyQ2U8ILHApslU2xtHd75iDKzG9SuZuaTazDcUkPdbFhRHunaTVOVa4DO%2Bp5dQZe8XIEZ%2B74pqH9hHWjKRYf1hLDdCrxSHaXeDyaCQKmKslERNFn68wdgwuU19rcQRiGz09%2Fnx3aVeeJoXurneitEhfPYyYKbZLO1c5lq1npRHoyD2YHBmZ6
7.,papi酱 是狗把他带大的吗,48.9万,/l?e=dd6fkpqenFTCBURc0qljhIxTPkEhvgXM1qph5P0muNcbkQsOKtXjWRLvilcL4RkgDTQyIdUMECJO4JpaImQs7W5xyiCPBtAP3uMi7a5xRF4v8RDacl3NLwj2qFI3ZH9UFhl1QX8BYncq8QiTd%2FPXDlTQ%2B%2B%2F64DcLDh2aGPVPpgA%2FJ65k08whcsVlsBF5IDtmDUxLI7AO2e6pRSzkCQ6Yo2YD9J4ePPcXY2f3MQ9489F%2BCAyz8G6YeneDSr%2BiW%2FA5Ed3L8qQP0%2FQvGSoNLGgYKbHlt5lxdVnHNWOrOoZ%2FMBZ5M5UYziZOUqqx5XGecNrxk05afA
8.,iG官宣重组,46.4万,/l?e=7237lxuIEXThl0sEqKat1ofHv%2B2oyHxSOfT2gHSzzZIHsLdh%2Fcv3BBsAuDyZkjM1YHXgSb6%2BISMV%2F5uhehrZgBNSe4qxOfN9ssY20mw1faUxsKUuQz0RYsRAqyNMbzLUJptTd3Ns%2FxCGbEXRnV%2FYs03p6eTiW5LxpqFLZvAB%2FW25%2FO4SXNtWzk4ZX5zYhnq3hacKi%2FirorhWOfholS6r73iFYIs
9.,周密 刻板印象,38.8万,/l?e=c928E3AFtAHo%2FfYpN3cPdlDf2GJxq3Zzy4atKbajQrDqPF2e8Ua66zJANdaCOoKR8vyXAK%2FWnwg1pg9YmlD9E8CEkOx%2FWdcvq8Q2uTN0j9Rd0dtUxIAouRqK6UKOtfgHcZTJfzsnclQcnSKRVCZcurM28jUoqg7HbcLVWacVeSt9V%2FBX4cVGLwBteL3H090FRHR8X92Plxig6xb62EGWzd1IHvQSb%2BouyxcsWNYnbWGVmq1bqoFO261N21PzY5hGkcG5
10.,我支持新疆棉花,37.9万,/l?e=69fauQY8S4gj0O8DbtWF1ThHvIlO2rgVydS4jtcE1B5Z%2Ba9QoCgqC0F%2BpMQve8zxG1L5c2jvJGl0XT1E4GAdNwbpDK6min754a3dHqbqyB2%2FA9trhG8qDzVfTCvRWG5pPnWPtiryxVTG2%2B03oE6TDWzzmTIzlYJkehstE50rUy53HTBMQHrv5dGtgQs7Yk5OQqPQA9%2FtKTPhRPmF8ljnOGC0DLFkGM9ptG1c1KLcJlUXkbgRvGcfbRKvbsiAp4FFmopeNAwutzTCutJEU3iT
11.,陈小春养老保险有点多,综艺 373069,/l?e=8bfdB%2B9G78Fb2htsrO6HyZXQoGAUdDR5z6a1WFfvxRpzYeNMcZxUKvtYs3Z4DJv5Gi7dlSt3XSeI0y%2FFgngXjOun6QEXKkUWy8fStRIZiSQeTIHNGN9yK4YDTf%2FkYy5BdEeCngB60E37yncDWh4x%2B%2Fvo%2BVEBNFtCmYPLDrBj4zxr2KmC2G71OsxooeqduWb9WpgRHvAlx%2BLoFC1xB5aDRTd4ir50R5y0raEAuMnGUtr3U8lhsLLkcUP8NX149JYm%2BIQ9PIWBaCsPujbEYcxopqGJZWMwUZtDUx57nWrBNy9Z5pG%2FkV5aFUclaT6VQz66u2xA%2B4gr%2FzsPRvar
12.,为何奇葩证明还在为难着基层,36.1万,/l?e=addelWRIVUWccbaX0WQuxUsysFfC%2B6Tjc2kMyPjUPG9q9v5td2PYsCbdvAkzM9Hc%2FhzWK30w9yf6W6W5gVssy1qs0LJt%2FKN0cSxOV%2BmMaxrShDQXaJnXwwDyORgx7PhluDZRNPlDYckpUH3sOrfFkpMsBvoSe4GfeGFsTAXYzaSe%2BUiGBAq3dEr%2Fm8HxM9eTp7HOufCYm6WxQbDhe4ey2u%2FCBIjxSExTDLlAKl9WdmSGhZ3cBCaBLhD10ZQqDlJ34f8msua6aK3sLSLpf%2FXT4dudO4vgz4UMgxc9yRSMwz2Ss%2BsfzRtVGu9U4J7BsS8kkbj9BENjk%2Bvd8%2FUWBGR%2FUBErMlNmDwyC71Z9%2FYsitqz5A79MPcC95cNUCN%2Fh8H%2FP4k%2B4Va%2BUsK71
13.,合肥LV柜姐离职后开始卖货,36.0万,/l?e=db5fX5mNhYnq%2BzTJosI7haCQxocj9nKcAJGx1K05Ll5RQC1UX1Y8Xi4yUH8o996otWZGsekgZG0cEgWjptB%2Fqir%2F%2Fg%2Bphpi7t2FCsNTMpH2718lU1%2BZ1Gy2DoAghk9fx7j%2Fw%2Fvh19v2GEaezlZUK2hp8a0W7m9RF1OHqTmCZwHoCTefr%2BFtIjS%2Fm7arIC9IJtjrPxlLMmonK9ttnu6usrUNN6w%2F66ygYJdoKoIycukOCfjeIPbQlv5D%2FdDGy%2F8FiVCvAkrnXUilQTZZ5V0lLUktz4yWueTfYbJnI4fJ5KvGTJEEHR4hrJk7e1XkctzM2xgeVCM72ENYucRQuWqTHevuEhPh5oq0bZYd1wwo
14.,婚礼前一天46条喜烟全被偷了,35.7万,/l?e=2dde8NAPSplZG%2BmaYBydy5ARyzDK07817roNjQ9z96HJWvXoX54GbKM5y%2BnELVM6rIbrj68lYKlTH5QTTfw8nunHkPXjer59wjhUapjsPr7dQLB%2FlPzbn7Mt%2BwgDJ5mT24%2BuoXTR326gmSpluakSxgRNxuVcHnT%2FDEh6BdX55OU1aqtt2DXq6w6XWVuXmgOZuh2LolBMbN2vpckfQGpYMcSBP%2BIiTOEV5a7j54eNtBbldgURVDCI4rsBBofHQPMw65TMFhbfUY%2B4hC1PwGow76LC28L5xsoS4KXW88Eq21dPvTeHDA4H2humRg%2Bne9w1tzF%2B8REKJ7UYvboSDHJBlw6mU9yG0a6tTY%2BWY4yb21LBJXi6EsE4ZnRA2HE
15.,叙利亚局势,31.5万,/l?e=dbaa6jxL5p0KEuGSkY0%2FasQWAZhhAIp9V4rx%2BlI6JANzHPbSqKhZPzwYATToh8bojNIQerubzLjjEPfSDwJU%2FbAXjs6ODeb3izUERI2dCrPJWy1HpciWQt0W432DbnZBuquc679QsJZxCC99RrFkrUgiWGzyvxtdJl2FklvDj%2BKoivZNmlAt8PQLR35UoiQoN4DDg5dXVldFkbaPI8nAzkeKDMBzmmWzYLi0UFSNh1H6
16.,这些OST一响2024画面感就来了,30.6万,/l?e=c35cZiwmfvYzlWtT1a6fpd1%2Bg4dPoNrMZvneKOkUW8mG6NY0b%2FiEJyVE0cjCuoeiEmhyRiUqr0XDdDyv98AupP0zvsygQyTp%2F1LIvREUlWA6Crvb7IJZUEYbBcewM1Cu0BRt0BOiOQK4ivM5LlDjGtRsXjHmN0ORSdgd1sGSHkWEQjz4TPCI%2Br2M6cKjGcj4bQR3K0ZrJ%2BxcZgiJd3AXkbOxwYzinmpIJpOeKBcZklW3Q7B4GK0FJTQPADjnh5NvYEukOFt85HUFXvJqKB2reshncue8hWNj9i0lz7VlaxNV0g%2FG9lIVX%2BeifYxjfpZT%2BV5yXxWFWz4CK2BssYewYzlXwA
17.,外交部回应优衣库不用新疆棉,30.5万,/l?e=3eea%2FmaAnMgW1pQWWPFnHoD9468lljeR%2FgsWvbJRF46OAuFvc6Kyk%2BIDOSsaJzIQ%2FEc2MpY4lXmx%2F81JC7ld2LsTAJnrFSdKJLzv9%2BEuWCQsvaUeDtZ4DFnk1mTOfstF0RuGKiKMrgcLKYLbp578VHDteT0SVrBKCq%2B6%2BP6NQXHniX8%2FfrOOH9MYWtHkcWo7RMTraIFOOJR4gVvQOL3EEBJugjl7PECr7v1yFcPZlPWFNlbI7wk%2FPdLmrX8oiemENslRKmJwzv675W%2BPROR2zH4E0BabCtw9UtJl%2BQMTUhRkdg46z4kEhi9Jk77mRjoPX65DNwV%2FmFs3j136%2Fez4j36KXjXrsS50JiKEVtgUY%2FcndsrxTnrKObElvE1w%2FFnCQVqP%2FB0HElkr
18.,王安宇去有风的地方旅行vlog,综艺 300541,/l?e=6840x3XAsOneQCRPiwzRPMpwq5%2BgTZxB1N9uB1nJONremMZq8HMg0OvobgPM3vK4P9p3TZGlQ8Ad0qLa1rBl%2FSLpRx5f2oudK03V3whZ48fq3K3vraxy%2BVepDK%2Bs6%2FxaVt8%2FARNpwNOxW45HM3bpzdqHgmIUEmAEkxFYb6PbNpP3OB6F40TIcBC%2BUchmtDBGANxVL1swsHuDLT9dhYoKv8H6CoLrcM0M4UIkScDhWf5ypm3HsNQBKEEMTOmXl7EXIzaJSmI%2BeDUg8j4slyKvpcPl98ihXFyVwqdzrm0XvsxNQhpMMtxH2ARW3ldc7dA2yYnq0MjNtdly20Q0GLfQ%2FvccQm4WJdTPRrA%2BaQdQ3Q
19.,张朝阳不建议掏空六个钱包消费,28.7万,/l?e=b110vWNFPB1UR06acSeE2S4EYfY1gi5lEriIPkg2%2B%2BdyafcjyZztJ8%2Bf83iWnTI7U1DxkxpYQik0Y43vVXhNTxRO1gRTez7E6fygxT4ZX9TEzKaU74DwmYAgYFu5rJzhjjQjIAzLH0CnUOpswyosPwT%2BtpQYgcEHxbr5PEZ6ZKC%2Fluyab1O%2BhkUQYvAC6AdNm05QQye4C3IGTUCov2m%2FoQlaNt%2FzEfG9WM7NvL%2FwWuVmcCB2zgEmH8EoLxIcB1UdMT7xagD%2FILaZ3vWgE9iyS2YGtv6y6GphKKhxeQ4zDXO2ylRVMcttM%2FLUj0fmrQ0%2FanYo1HmNHgldyGDORKBn7NtaIRSDb4PdqV0REti8ewH0GUmOpWPkaWY7zJR9RWdUmhJcW08ufXLg%2F1HfjVqpW%2FGfVN%2BBWrE0
20.,彩虹夫妇第4胎产女称如愿了,28.5万,/l?e=2d00%2FU8C9hXIjBAFuxbdhPEdL3M0%2Fvqs3n9R0e2W%2BKz4%2FHzCOLmt9SbxJCxmuK0%2F0o9tgSl1o3ZCoqDkyY49HWXsFuE0bYKsXhRzvNKS6%2B53mtu4g5wcCZ4Fma70qHtEc9wNc6K0jSwruI4Qd9DRc%2Fk9LqiXfji8pSaM9AT7vATUfdYD8kl5Fqz11EJML4jQzzOFhlCZED2sd7SLktU7e%2FOh9yhveiDT9nOmLG%2FKGDcR1IASL5VNH702i8f4%2B4B1sepddg9Q6F9nDG%2F7T80MkeybEEIdszYADUf3nyZfOs3hoWYU%2B4rO0%2BidAFMHJrExPEaVQQ2P5niCyzRfq31%2FJCUAk7uVov0m0M3Y0w9WTMpCLj2hqjX%2Bpgtx4g
21.,金靖月子中心vlog,25.6万,/l?e=4037hrCEnhZZ3THk9zCIZSjGV9kw4Piqb1SevIGf7nfLxuodfDzJ%2B%2F8P2M4tPWW4%2FeZJT2eqPfXZSnPdnomxnAedXKuZ%2BR810iD2eoUlLs1CjhjfyS7HW9rsPjVVYzrzeWG5EsGWUhq0IcqhN4ADry7ecpQORq2fTBWFYd8uKtRnC7yW7PsAxLTUr12ijO%2Fbx4%2BuPus5tYI6eZ4DqwSAXVl5WjiS2OO36Ewam3JTrzgTylDlOojMUetmU15uH4ux56iL5w
22.,戛纳最佳导演镜头里的杭州,25.4万,/l?e=2ed8AdghpkJN7Lz6d7o8WnoFcNoL3YCPTFVRmSYTPFy3K8%2BJEMrYGuMj1w2uOStkLGpEe5z%2Bv5rRdSKYSryly8VtHh2uKG3aiX55ZGHVWf%2FG%2Fm1mA%2Bfw6pJ7Qgstfv9pg%2Bk5WDTRLStrpnsgDiPI%2BDwx0gQthp%2BbIdN6ekSaxLmAMkZBN4jVtHDH8VfR7T5o5NGn3p9A2twtKc8%2Bbhf%2BWAOU9eMKaSkZr0f5vpUeLCnhZ5fN7t4GfrmW%2BpFWBSDj5jsuhm1ieo3o2g%2FP6OeoKKYIty4LYWOnrPH1lSXmg5XvVK9U4MkQ25YvomWvWmX2Iq5OQhmZX2SMH2CnSjC40mqp%2Bvx4oVn875%2B62ccPCn1QHLfJ2JSL3vjN
23.,黄景瑜32岁状态,25.3万,/l?e=dc7cG2lgNoOwZ6tTSC1ZOC0qBIEntplnvKXv4Ajtbmzj4e%2FeFJGJOrWjCM05hLYh61LrsaE6AXHOW4LRtHkdubvs70xbd2873JipaBXzzJdJsvcR8biKFFNoYx0p49wolKtC%2FxGbz5Gs95evCtKXNVHnqbShkIobLZ3hTIoIpHNtW1D99FIV2LwBG760Pp2PYI6lHRydoK7d%2BD2exvgdyb1DS7T2Bl%2BzgJRGGCU%2FAOmGe4stzRMoPBfZA9wBHfjqE3g
24.,英子开门你的川来了,25.3万,/l?e=de96AlPEZM3R%2BgIpL2e%2FaQ5d8fR9ed3bvwgpbSQ%2BlwQKEr8U7rnseW3iauk2isDWl9jnVd%2FReX0OlwZOTqPb%2Bp81XeToa0M9NUGZj526RhtCke2IYDwqZVXNGlSkszBQx9jG%2Bx5uTLZIIL4KsQ%2F03a6C2hAnDqoLsbGcb445GLmUN0tN3Y4w3HASQrKlN3tbyzXvOVk%2FVnjmNg%2BY67LcWp7ZPPwaPVMWxA0sPn8PaZ8ZLCYrHm4QAw7Y4zzC8tIoeXKl2U%2FqZLtu1fAhwbONr%2BcSiTpamaP13%2Fm4ZxL4YH%2BxRWFctnBVoH26Cvo7
25.,梁伟铿说和王昶天作之合所向披靡,23.7万,/l?e=1018xLRAEFZ0Frm7zXwpGvCPXDSp9mseng%2FVDuXV%2FS2LJRsRHrwXILEFgnPJIRccecyxeVYFN3GU%2FV%2F%2BWhsbePIN0FMWOdTG8H9bU1ywv9oXMsdsZeOjZ%2BNEIHw1WhFTL4R0f9oCAtDp%2ByvN8gKat%2FLoYCrvixCyo7v4i%2Bfygl9p5yW9kgtxnE2ZaBoiOTNiF6H8eVX5SJrzUwLeUlihlwwoNdI2k%2BYHVaP1Lu2luJochzys%2BvBconb5AGxp38cV715hyBd%2BF2JRE%2F6r81PAPV%2FK%2BoTOttTFjFXLdstaC4jO74grQAeNCck3h4qogJoangHljrRcTqWDebWt8b4mz%2BySjl06DNCjNLW2rVszfS%2FlhDpkztlHgspJfbgxI8gaAi85AD%2Fx5%2FHUWBRJ97LTFb%2Fhxyds8tm3EiTzz6KXq%2Fu%2BEfJwmleD
26.,结婚3年流产2次竟是老公精子碎了,23.2万,/l?e=6c0c2Hxeww8h%2FBEmOl5TpRBQGEsihfQo%2BSPHgNzZflppRl5a9OQj4y%2Fsst1aRSEe%2F%2Bgv4rJhTl%2BpRYuy97wRAhs9zg%2Fqos8e5s5nHaBOfgwt0B4T%2BSBbe2pPbgnZwN6obYkeRDdGSj0SNz1vHTcTeZXADIVnR4j26vH3j3hCkdpR%2Bijwm6KL8LOR%2Brvd7BJk6wp%2BMLyGg2ZuUxRonoXS0JqO%2Ba89foJemqe2nHnqtsw34jmdmkdLPRfWJpQbzdELB4j1yCuVbxD6869c2QQPSW6j3GUeaFM8hmAEEJBRl1EB3mzDjCjaA2pHdCndZA3fbCng2hqHaRBQxwNHQ%2BDAbnh9P%2FcGkBfhWmeGjLnHl1k4b6nlDsmWNnrDTMA7ib8rIgzGD44P9eXat40ZKsGKMPOgNIsm%2Bq80BwI
27.,周密周芯竹聊天记录,22.2万,/l?e=67d1uGZtWqDYucRU%2B9Nt5gQtAQzIQCYFKHLlywr53%2B9JOxsknpfGoAShrmCuXnwhrYwoWdbFUuRs9OLzAuOsevAuRwNuG6yAPF0GlpazZm2Bgfeca18ECQZpSghDnoopov96LmSputQSqKsrm7osLO0zFrbnfamPZWZnM6w2o5N3R5vuRGEWLl9f4FSj%2BetZ3sM7WOtMVUVu%2F4TVx%2F68jP7SRkXNI3xanc0dBOo9VvcxLAEEHI0sZ5FxypxLZRQdFiVUdfnzsdTdBhwNYPbPQ82R16rCTbh%2FB4HzJynF3rSGaWVWQLSKqOrZxRLV
28.,虞书欣丁禹兮 一个想靠一个想搂,22.0万,/l?e=e811Lfl9qJJW3iCYNtQj1mSElUUlz6%2FFZq3%2B9tCsmhys5R1vZx1%2Fue7Xx5HSMQO5Fy8F2rjYZAgW0z4rN%2Bw5mwEjZHaznrwA%2FlVVuFjFu013UI7LM%2BwOJMqEN3v90Rs7SLlY5zKlrhXu68lngEzmMBdRgSLjPpPRTs8l2B6%2Bx0tDzVXHvAg4%2BwV%2BkW71jJiX5Y1ef2YMefZDBIhqT2SIXKqgG%2FJDskb8UNqrDRlhtFWzK%2BBO%2BfTD2RDif%2B7ethDl1cnzXyiwqSurmzmUgfWVojqIldBhr5uDNZYqdLd3TfeMozsAkKBTt1ikFuHemyMPSFS7eNLqgGRBhgG25xMCjRSGEDwBtdfrK2r%2BULMmWFzOjZHVCrSTntL6t83FFjMaLzrUlXGDIsDw3wNeV7GxhY%2BYFfSdRf%2Bw7%2Ba5
29.,蜀锦人家今日开播,21.2万,/l?e=ba3abjF0cc%2BoLa4lMOGGBrOFpJaWt9HnSyZtBGmsVoBngq3MEUX%2BvEQ1p5qQ4xkj6O1hV9nE2iFxwvGHREP%2BlYrk5Owse9uNndjb57qeEjzdjhYikI9XqU5D6r7uBjVcNew7ny5yc1FS0IipXzhXosaDHSf0gEVZ7ZXPsNo4iBMCQjzDYhr%2FHt2qRwbX8Nx2ptaYDIw45fRiXjuvaaxq%2BuMsBP1EF%2FTNL615y447lSmJhBlg6%2Buz0gPoXAz0wnL%2BlJGZl7WxW7dDqeqnSQy4i4uRzTaZ%2FMowFlFbu3Wh
30.,兄弟俩盗窃2000元被刑拘,20.8万,/l?e=4ce70BcYiGBhpgf3VpcQheOiLYyW9h7GsWQu%2F8DnYiIkZqOzqE9%2BNbkK2C9AD5%2Fo4Mrv8I9vd%2B4wZ2xatnvZrlMMDBS1nTJJ2HS%2FCFNfImkdvAD%2BV7dbgi6Ew4eIt4t03omcLFV3AGd2wl3kmMO07sn0ulv6l0oa31ra1nXMZnxCYATlYmUTwvk3fzc6tqKXwJiDONch8TrQIv8sMeWzo7wEATBBmkacxUR%2BYKc2y%2BWI6zLVze4cF7OzZNudOOw7VQ5zE%2BsBk0rLVfk0MqhFGeuvHDV%2FOJqrned56vIpu0G6Kviuz9p%2BHrGBEPIUL9AUnA
31.,白夜破晓 小允子,20.7万,/l?e=cb63vObpO1gLhsYsZsoyt%2BNYcABtzSF35F3ZAcESN2AvvzWRCFlieL0LzcOBbTZbQVFbYeh0jBYdYPfvtW1TnY1tqKi2b0HrfCfSG5vQ7bagEOrKI4zHQTNJcJJz17%2BIe36VLExAl%2FVkaoTGdjIldPODy9jlJT6vxxKXqe4JB2KfHZ2J8ObhXlRaCsuIBzUPcFXvVrg2qDkduw6US1A%2FTbGDJ9U5sBzJ71RHR2RE7XWFl%2FD6pGMmMNtElfmxdZTtSTwsJ3B%2B70TB1KOa8d7o9rHh
32.,沉香长大演警察,剧集 207383,/l?e=9128SvBOMbYGeJ8p1tkL9yxbPxWbjup9NhHLXa3%2FmNhQTgrkCuw1lWa3Q0GMRcYJjNv8SOxuawvOT4wtesHJbsXvLw4TqqKfTC0QtkmgfAHShb9p1GJoY35Fc%2F3vRjG8nOl7JUcIrG9TlmJNRXWKqyqd5YG2gevjm8yZCx5Jk2UkQXoWyL%2FY1tlT0eZwuCFpdjn70ECPWPGkX%2B7G%2BC0eKdyrL50W8Wk%2Blo27nEt3s1957bdgN7dTHlrjlBrEUT48F5aeq%2BUXnAsS9DxHV%2FL4
33.,婚礼中途停电40分钟气哭新人爸妈,20.6万,/l?e=0f29FRsyvsY2JO%2Fmgy93UA%2Bll%2Fxpj8fEGMWVC8RFEuZwSODRj88Oz6Ig6o98bdDiJrPe%2Bw%2FLJGHLREULx%2B5uCsTtm%2F2dPUxImijCXDX6qIr0BP76YC%2FVE5w78tqcsXgsyDxLeuuHkWKObBG4zXjXmevJL81X%2B1ZzeDKy8EVUWAAlyTz86W4uhOfOHMSH5VLkZHJvr1%2FFs1hghmdc2nS4D2N%2FlpyN7TVvOjyqIIkIKwSK6FvTZyQTJsTqLOolqBB9%2BmQ372QwjHcH9WpfQfff9j%2FJQhDJpJmBYjst3ejAEDleM%2BvpFxPEySYYM0ti0%2Bqit6BbK29SAmsMBcRVR2zRLj3Odl6EdKHM2amj4vPY%2Fs6p%2Bbw%2BpES2ukOl6G1WVMsRnX7ihBfYUJgwKktB6TY1gsc%2F6AYIiXe168U
34.,王楚钦孙颖莎奥运会后再打混双,20.5万,/l?e=dde39jDFkU3TSIuDwWzik1aRR5b0mgbXKR3ig5wQrm3UmRQtG36rzwqh8lgS5LnTzdN3wzLED0vhZNoJeAKmcceddM1hmd3%2BQKKjrWjpa3sWP8ToHsCq3W4vR7OVumYkxVZreu3WSIYTJcnVkA6r2QoxEyk4P7sCY%2FBebtk%2Ft3paQch6Ro0o6GhnalDgPtTJi2DEnV7mAAon927Q8aUXcuZ30cowq1GzKQzJqvYS%2Bhtscggpq9gRIppRuMET3NhWnQR20ClhWQ5GCZoj%2Bl9tejL9VARrJDDPuy12NV1hFKiok5FKmDM%2F%2Fgi%2B8MkL4sr089qUAKhP3%2FRhSz%2FxTyEBICEhEC%2FG1sGNuhVN%2BhooRYZgtQ3VYxjYG6fay5dEKspze58Fo6CglvL1%2B9Yhh2nfyy3kGqPj0Jw5
35.,倪萍说贺峻霖搬箱子搬到两点,综艺 189334,/l?e=f72f3bjQnl47Uvs3SIcOKBiR2ufOkHGEvpzTZYoopaQFqVwKZRjuOWantp0UocweiogRXDSKbfY%2BUSFuTUj7MzqKskG0JH%2B4IVAn8sIXyuE9mx%2FsBlac1oidwdg%2FcZnIAr9zvK076V8g7uHuX4wUWx8nVcUORJPStZh4Otxr%2F6FPTQ68LMPWTAYZJhpOuiBenkPvIfZCTtWUSQd9l4HElogZDiC8M2MUuDiIFFhbkmxcTeyFFVOqPkLBRKaCxEyCR9dmOaUc3gsHc6AhrRou3qIl0lHN%2FJZSE9EwfOcCpWlBBrY9aDRgFF9BAljiYvID1Mb8iFVF6d3YzgNE9lsxku6%2BMEsnreSmiYkGvMzlFCbjDgDse3jlMChjLuswVnKfO51%2BezzxowtK
36.,国考,17.5万,/l?e=e840RQDa9elPXeNl5MD34dO6fp2BC%2FM%2FIWXGaw6%2Fi%2B05OM4QStay3xYDVzM7Pj6%2Bs%2FG77MNHOIbrjfyXcoI5FtxKiSQoYZ9u08WMnM8xk598ZG3VYBmD5nxMnG9U8HLfkaAQniVV3GrWNIrHpGmUa8DMTqbGkRilLQ8OVSGDQLxVvxM%2F
37.,G2回应Uzi说和Ming复出,17.0万,/l?e=a1fabZ3oQXw4KLUTVGkVdowpOBeI8wNZXXp0zVj830sioWaMpdI5zdlTedyxNwPicyrt6fHnqEPWxpW8RwGVQ%2BwkkP3Ycn4HS69t3UfEyDAzv9BWgFV%2FlXiMta8PpzE4IlJdbkseA%2BcWfZgWsRgEOQskxnc1e%2F%2BzATyDz1YIKdy%2FdTr5qOvbZKTkPQ%2Fv6rcdS%2BEs9zDvhEyqwsjkIy%2FxI5r0JPGmvIBPG%2FXWWNIt5UNSPXf4ETPDVYUS%2BZtNdoVEE9WOJ0OTAwPK
38.,华晨宇 幸好我是一个创作歌手,演出 164828,/l?e=68aeAUPhXDYCDXfkQNVlJraPb6h9yxbNBn4HbqDQ37xZuJ2lekgps1UBIrD8%2BYHlaYJoBztBagDy1RwEHazMPJzYGLsChiJFuldMWM2JMs6x%2FhKh0s7c%2FykvyV4OBTjHC7JkqH73QYZfpNK%2BShLIGkVelYLGYSUXmYNKH6hzYQdKOGKA16CCcQUI1IdU7XJT8BXCF8GTKt1cfrbtfnHlW4sbWNdEuPfMoQutUUTF3TZtffYpYsxsVpy9D5E6n8VlF98pRQ%2FXj2gkGoSR87cEJ2NLoyXp0X7yNDD9kSy0vqqhSIr8exBkAisqMU04jy%2BpT7xssimWYMI4A00Kek5HQuzzzfvZDju6NTMUbvxKk3D%2BhNArKHWnocBfuvx5Y4sIgGi1FVNWhNGmIvkM
39.,闪耀暖暖,16.5万,/l?e=7c51HUK42XKlPmUOOwDCdQmLOIfNBzPaid1IVE4L3yy7TYFb07FyHnq2h6G1INS7N73tv%2B1KxbfJ5ATpl22hnYu5FxVzu7H1zls9r6vyPuFrf4UDpi7yxYlYIyf7eYeFiJyCZogmVE9OcGqX9%2FsLehP2QDkEFekSsFiNZeJjEDaH5qFkEAwg7g0BFAQNyAsGWvEfiyi4%2BQItQXLbj%2BGiWkJL
40.,丁禹兮杨仕泽卧龙凤雏,15.2万,/l?e=4f5bVhqWeoivY87f%2BR4w7snf3y3U%2BtUAUGgky8GvAmW2%2Bnqie%2FKqfcz6tFx5tFZIqcWntDrlIEQzQwaUGWdCf1JfE%2FTmUpcZncm44ay6nyBfUXZPkvaskbHYw6MLtDje%2BAv9B2147ERbj1%2BZ7mGpDx1r0E3YPROG%2FEAqkdv024hV0kbwRSCO2G87pcYB6%2BJGDnqxm47%2B7%2FnIH0LStNmuETj73PCrW12ERx8UFNKgaJXVNMNPZXwmM16oA7%2BWbvlasUWZnmyiYBDLmaj0z9Gv6rOXK80OR%2BUxRjiYz9tQdFa81q8z7A6f7U5arlTLkOD10ikDqFlgksU%2BHV8L
41.,网传歌手2025试音名单,综艺 151904,/l?e=50151RrVid5qP7ujJCT0YMNeF79B2YYzcnZ3MVEeJOSc%2BhzrNUOxhrTRmqYMUHov5J%2FTkwwIBYT%2F5upLqN033RSJAWcfoKRu741gopZ1%2BBgAKLP83vALxKt8SXygkAQihIP9DUR6B9p2VEKNUqq41l%2BgWRF9J9yUg22CrkA3ZJkfH82MIACMehwYoM3yA9UEJfiF04fLAQq2bI1WMTQI9vuCmU8lIJilu%2Fzd2kSjcWAIo%2FW2am8Nv4M4U63NhQEJ02NXQ6W0iPuL60mcGeZIhLUFVZGNd%2FAbmdF2POeqJdQzIA
42.,MMA颁奖典礼,音乐 143873,/l?e=bbe7xyUrKQObSAF0XuzdKfyQAVwkFDiuGCVNK4TntnDYATHWH%2Fd15FuVorqWb9YayrUwh6gsVDSRBKSrLMcgdPnVeS9VQVzaYdIzbqy3Z9cYCNPP8jz9ySijSCLkAD6pWZw3PhWcigEHkEw0EH2Wz1MXhFqP1sChSbFsB0G4Ae3SVLo7X6fkUJ5Czgqum8mOSqmHTYx9iCS2bTcRfXtpQReCkSbV
43.,你好星期六全员晒初雪穿搭,综艺 143579,/l?e=55b62KqbNeSlXOwrMj33cZ9ZXArNQuXCJbzcjDaRc4wI6ssPM7WVWQPmjPy7lbw96yjF00BOkTJxmkVR1kN4%2Bo1j9CD6CG9uq5nlrWKagoFC%2BhGE%2BazmtE1Y7uLhOr9LRJHlWp%2BQxQkXFW6tXUYrpVgOyjgxzlZXni0HsSaJDRJivMVqJiDMHJQrzFlkjw1mC%2FRMJoSJObjIks8k%2BJ3q4hPqb2LNuyrbJnjfUl1xiQCyUfqGu4DE6mRv7qLDmefpc5zH7yvmbS9frQ3kd0atylSNO1iHpIFb0bR%2FyqdehVGR6Z5sg97MXurUfIwdtXQ2P3CgmdX%2Bw7d%2FuROLmL3ef888SgfDB%2F1rrGxYuVXf%2BWG%2BZchUGWEr5XlY
44.,王安宇怼脸拍宋亚轩,14.3万,/l?e=1f72OX8i%2BcK3WCOBHdLCt8qC0u8%2B%2Bz26nTrBmGPUSEcUneibQ8SSOe9Qy6ydcjZAI9gQWtiZeWxFLHyZ3e8gY7xF1CY3ZcRlJFEqTqYiQoy9Od6kXNwgimaQfQokPxtz1R2O0VFRDtELOM%2F8wfleTi02QLkYO20VTLhbHauoMhxsgyjVZ%2BE0Y03SZq5cmvRil9e4w6GwG4NHX%2B1K%2FD0HH%2Ba8fOVGvtfIT30c7bmev7q2HB5s3lmiaJwmQqQJNAtCtd%2FgW4I%2BZFQsQdzOknaXad3iqRyo3%2BYzpBEuyUVI6aLGxNfsDhA2wdWmlW4R
45.,世界羽联卡点给梁伟铿庆生,13.9万,/l?e=09b4s%2Byjra4tilLDPSP%2BB9EKMAgRK8AuYidCW6XiKhRpTguXMFtEZ1UrEFJP6CqU%2B402IVKy5CfAUWan8XcydvcJtRKrdUq%2FbjFHCIoy69MhQfKfhSZhy5yq1fGdLYnQsNwZp8%2Bx188r2JEHfrXtRVKhAnkyX%2BWghPn58RYk3xE26on3sSBTpKEZodAAQqfcdhGlwUuJ%2BRH9IQ9id4Inl8ke89gFqkzXQHdmZCKhTmUlSe8zl8rDil3gMcfEjhx8hxdH6eXneKpU1nseqLIyod1pEOEZ0gVYMTGX12dSy6gdfzLF24FVVXb04sKMUB5tBU25XysK9a2MY%2FtpOJ3JCYfBiJMitFwpj6adHQAeEMoZlfUIoJkZYh7b
46.,2025国考最热岗1.6万人挑一,13.9万,/l?e=a8f1kM5fIzkm4cGF6juXfYLyjzzKg4qhNz%2FZDg3X2MPPnPkvuD%2FIytuiNTEZgOnJNmIBN%2Fw42f1eYBilynyigxe8DR3y9mtKz0oLCA5VhKIQsyR8XN3NtSjH9yJeTzbypkEkJANpKsenQ%2F2VQgOR7J2eVjCE37r0fAVVLZPo37NZyMTtGbF9yZtbaKQYQLILNWg3FlLgeJHzfiQzq2DHxOvg2Hp013EfYVhv1zwRP%2Bft%2BtxbFUtMTJmG1p4S9VG0n9H5qjB17O0OIzI9UskpqsQcKoR%2BXFeZOEr8oohDISEbPm6C94fo%2FLUlvQF3sKzfnBPmnw
47.,丁禹兮高马尾打人事件,13.8万,/l?e=a896GPFH5MVfRjE2ffnQ1cUHw7Hr0NzsrBKOZAAUAkd%2BhmYA9TafFKOZscRejnE0XuycJzOotUrex2i%2Bq0xLVrlWz9wxNtabODQZ8tuOH7o7ENf4kgqrk0Gjszz8ZhfUtgezuV489y6tC9ELww8ZdkslFzTFFNislpraaBKBK%2BWBPoNdxIk%2B7JePMBtFAhYPBEVB1NBJFIlgRvViWUbDgRBreznfCRHhjXgrNtBI7RZDNiH4RpaXoBRQz7PhRLubKsqa7XqxRHrGtYK6v1EkW9ERW1FrYKUvamM5M%2Bz1lpJtmuOpuX7SGJJaRkEtMjzyjWmZL8TI%2Ft%2F51brp
48.,因果报应 垃圾桶插鲜花,电影 128064,/l?e=6e60Zoew0QUDARcvMkoWw5O5xqpsd1wQbihwA1ikGRtjdezaXNZ4uJziE9LvQzFt5fc%2BUBzztm0K9VTcvrKNTgUr56zkrFhiq%2FgqyTRZ1CAzJW8oiTQ4lpA99I89MAw4d1i212pGZDNZBk1w3BY9UjQTVoh9J%2FhK9kZazuFqajis7oVVQQqpJjf8jvdOrwhYKaxVFlObj4lVMSmCOG9b7aTIx6KcTneAkeElrA79KlbTx%2F00TLOV8IxGn792eIWNT4lysPZ9S%2FahcNrAsPbtPOpk5My%2FMUaeXwytWWi80XACjZw%2FY5BzwanzjbgzbkYRkFaS0atiTKOWcT6XKRvh
49.,乒羽混双大魔王绝版了,12.8万,/l?e=ca77pEWpnBe4JlZlTdDyCdiPS8ra2mSfFvghB7zKv9qpFxkbqwDrQrsCA9xWGu7GnOJyJpvTIktPHekaiYpJ5uXYjK6dBynXKgWaqo65wza3Hrp5sh%2B2PoXa42SMAf3dZU8waCSbDRUXxSDxokn83NeEmdiI7tiZLpRgacEeQz%2FOKnWhZSPaYOc%2BNEb64jIi3bHbnt7L%2F5j1yAVLHay5z9O%2FVJFuLner8cAWauyy9HOWa8mk2LRms3dnJ6mgh8B%2BA%2F%2B9WBfUT0BbKBjkux5yCDRBIXQcMg%2BEhBvo1vxDZbnW1q%2Bb5YgydIr9sraR1U5P%2FaQaNHxFMAbpvqjO
50.,易易紫承认和崔胜铉恋爱过,12.8万,/l?e=c6e2jAumv7r0GyMHgBo5YRrssmUojnQ1b2cN8NitQytjlcvEQ582C1h4aaYEM%2FDHEVphOV0kbGyxyURAB7VwAEFc95e2VlFmpCUGFhQ5cuN2I2T39XrBWannZU6IVcUw9J5V5qacggRlEEGbVjoBftInFjhjOKyJdJ6r4AXTtR4tFLWKilYFl9XcQOq8aa4rhTZFwJjRujUypYUrQbelbGH3sth8%2BrTgMN0Btajd8FMO1H35vNS%2Bjr%2B%2FUNryfWFTwTj3jjuvy1SfU%2BLMua%2FkN1HPbw2sA6hMdpw7Le1JztuRS%2Fx6YEge%2FolBZe255Nhcva5S2fGk%2FDiOgbzccoZVQQK2x7ERpuNr6qunQLnX0xxI5xITvOwPgNsg
51.,明日方舟,12.6万,/l?e=6540n6Iknu%2FJH8M65%2BToQjuEzwlVobO6%2FwsyMP25%2FExQhB8LWdq51jdjA7D6x9NfN2N9%2FvnffYVz1iOjvALXyBtlIOUmwNHJp4N%2Bmv1Ca93MgFO%2BTi2zBWwYrG3AIuR%2Fxi5hRe%2FJhYGFYDW%2Fki5uPCx%2B9OsVT6w%2BQdeLldUioNFMjLNhNBhl4xS7HDqL%2F6zQH%2F1YdMR%2B0xmdATNKZeJnPfmW
2024-11-30,白夜破晓 小允子,20.7万,/l?e=f102coXssCfhRq5YCwiCJ0PF%2FJ4wZXaPEaup4%2BxwebCUgTRVpgF5w2w3DWw2J%2BJyxnX%2FthyPxdNv%2BodUoOQCXwFllQokF57bSbVktM7ar3eJCrQJsliFb8nQBFkGDwMztnlqauEJK%2B7Y4KEX2yN5IVxaletimUz2rdYRNubKrCTfI3Cvbm6GdGvjY%2BC0ctMIZAsp0Rbt08RNnTRCJxW6y87jNCDG8qyH%2FSpgshkJ8Y0fUtIVku6HcKqlTBwYLGqe8y0zVAWtt5vucht3hzOu0l68
2024-11-30,王楚钦孙颖莎奥运会后再打混双,20.5万,/l?e=12bfCasKsi%2FIY7X1rekNXFsC8%2FYMNktUNzmbM66deqVEgOCOoX3iCX7NBFbcLqkp9SlYkYzgWbPqaU1l3MhDO0uQNGpnpFnNsFBwgtdD2H9yDV1hSym2VZUn0GDfJ7%2BidR5NLEyj3YMLKjXr0ZIkZBMHmlkk8%2FgSmrnF75skkQNgCw5bSNaBgsaV5bRzgw448cLWJdvewTi6XdkULEANt5NXD9L%2FItqXqseclzfjfaMFXHkvpAkRvTvU0Vu2cI3kG%2BbPxpLcpvmjOzYW4gIOy7zcd5JCiAhE0d0M05496wetoqavkpQ2VZEwC8BbKQWMyIcvOZI7eKjmhVcwpxPLhohvmxgiTru6ueqJaA0kYDx7WzfR6%2FytezWqr6kDOmL39unbIyA7EQ1dGlmHPDOgbLOFyWepzZAA
2024-11-30,倪萍说贺峻霖搬箱子搬到两点,综艺 189334,/l?e=d42cewCHDofLirDUEQOxNYSKGmMJyA1G7z1ZRzXS6LMVO4lo8KeKXyg0OQdtN31ALzKmXbMGA6IlFseyuAB2ZNPRF2oARfupI9eoUt2lXg1oksoZfLongAkgQBhjY3sQaVU5tnG1XoCJdq2EUakuRxmsTyz1YJx0jPXWaJ4z2y5VSpGtjoYoq3ginFXDvXIqqqvRB%2BpXyiLZBC8swIWZd7gM5YUrjEkgG0%2Ft%2BF6JUYHpI85yKcOLx6vhpvEqSJgpLLtfXkkoyciwg3qbI3Ss2Caczr13MVOVc4FTA2DX11fSPdTVs3A3Ew8LpK8NeAeWbIz4drWj6bcWYNdg1oDmw2Jp0PBeIWwEdNqGP0EgCo%2FWv24iEpT355J4Ttpx%2FjlskUeM%2BU73F%2BZm
2024-11-30,丁禹兮杨仕泽卧龙凤雏,15.2万,/l?e=94a5y%2Bo6PE2O7DbaOUy4bFdZiQAtlXj7LRAlBuU%2B7NF0ta5S4O59mU9QjEvwS19sY1ioZMnyUGpL0Ov9Hx7Ch09uXP7I4Xhh9pbUFG4mybTnA3IzzdSPFvsTpooN4yWWCW4YuFTZUjxc%2BXfCGuMauidcgXkMTvmb8nypJu%2F2U5npEps9JVCKWfqYWK3%2FnRjJdbMBHIfP7IkrWX1guO0KOqf%2BhxeVJaNcjvrP3Sz8uyqRC54%2F%2FoKKD3zW9FViU8s9e6WZ0Jj9UBPQnYWVIcNpsFLPfzxF821UG064gUxPr7mep1an1WnDnzemYDC9Bxb43XpG8TtK8ZPSWBJ6
2024-11-30,世界羽联卡点给梁伟铿庆生,13.9万,/l?e=84a7jojiUGqOX6L9Oel7ygegZn6PnHt%2FxDiWJamG01Pt4C%2FGwOmgkT2qvhSuWBoGoEZZ2O3gRukkRvPVDGQLpVRQsClYnf25fk1pApXM7LIvvAr7JnhDpXQkOsmbY07nT4QdMTEC5oO25JtDjec6vCLi2p63eANh75j8ph%2FOgkmlxc3RH4iP%2BI3FIGnrIgGs4cnGuwWwOP9kEXjcZKYLX2roeF0P5it7cTp9zdCUjLiwFpTYZWvgXcPQmrSjDnja1I%2FevoJ8ByGvA3qslsgqUxP62uro7SKsgVujBxH7Wrma9K3vpQ%2FpM%2BsPQQ1zjpIwjeFIRofXsGEy3SaXSIamJyCRaiksLQxCl3ld%2BAcTS6JPloUpYdaqRpjv
2024-11-30,因果报应 垃圾桶插鲜花,电影 128064,/l?e=d0a9zrzZhUItCvuT6Rw0L4H65F23LnFCQdDHr91wld0jFHr3SRJnUpHhDEZ%2FSC8ELDiBNLeCM13Wx49vw27iWCFbX4F2ZXIiHENK%2FWVm1Ff8QgNp%2BeoD%2FQI%2BFa3Z8Oz%2F7qqVLpBuUgmTNsgha8W7qLYz9K6AkWHaWkqxTSl%2BAOZx0WC7tXl5CUXK8Vwzl5zK4T3DHSpHCMViHQP2Z0vk1mtP%2BpEx9kiJNy2ABAcO2veujgw63r8l1Pu86G9fNjIiuthiIzJwtAvrJ23DJfjQx0sRO5dz5e1yHw13RSHzBsGnKYSWUC0qOtW%2B2Kz3ZDKZay0CoP3QtZ7gO6DMScuz
2024-11-30,为何奇葩证明还在为难着基层,426.6万阅读 | @南方日报,/l?e=9934kVqSgY%2F1Q6JoLfZ2xYj7KSabPr6UWRJSz5TCI4n1cUif%2BlBAH9NpA%2FLuzvpgqHxezVCCSJ%2FBBzIaIyX4DJYUs9XfEPveVqhPvI8u%2FPjEm7GY2LpUOJlQhejVGhBiwbyJbH8y8qL%2FW9Sn5VBb9YxUtt5Lfz%2F%2BdDQtECFbv6PXDvGro48x%2FIMiZH7oB%2BVRoM4Oi1ZDp2XeBVYNBmCP%2Fd5m%2B17Gx8MTLuUn%2B5U6puW58bAjf%2BuybPeSJspwGlyKaaeea7mrFJa8duBr8pIeG%2FvA2HJ2cCcICadf5uOe2fyfsSrnwJs%2Fmj6DmXwhsWVvYi%2BGtsNB6eRFHIKvhogdMzLhCob1SCneWk9zs%2Bt5ikSkUdTyOQPT3XlzWo9qEob12NUxVXczkOpQ
2024-11-30,蜀锦人家川辣带喜,,/l?e=273a4FYEgWfLvRI%2FYkX4tZn68ztrITFwGFhXalgOGWiRV90AndvBWBL8d5Kxv1O7FiyQ%2FoPhKykIAyV5l9PA1lKZeRFTV9f4%2FDTWyZmX2w%2F2yGxlkN9SEJ3RPELKVZ6P1susdAtckUTJEoSmAuw%2FTfxH0UF6dvaU6nVAzmyC2IZNMJG5WUPwm%2Fyvjn9UdHUq6AMaW4IINMu6%2FaNMDF601i21kyxXwMBDFyD7rNCLgSIZxHfIcW74ioUQa20uG0%2BECbEeB%2Bc5Aek%2BCLSh00%2FbuR7H1lSGC8ByZCzFwIzz
2024-11-30,沉香长大演警察,剧集 207383,/l?e=98b6CHND%2FhS4%2F2MZE1pF3NbYi275CgAALox9R5IN65WgtPVxKnqmd33JATmAmgoS9fnSnDah55bWjUDvDXb5g47fmtBIcGmfYAlz%2B2SYuJIYDlcEctxuRbv1awIJ6FYvGSptk4mnQbVo92A6Ig6y7MG0r1PT5zf3cuEKw0kUJwk3hcK6WgKVwyUaaHjGcd3n3vuMDWdT5MJE%2B0uQ09WqbuVY1DG%2Bmr%2FJGlGfnKRSJQbkc40x%2FIS1Td47QdIpUzPjz4D8XgARsQJ9WV1Nzv7d
2024-11-30,梁伟铿说和王昶天作之合所向披靡,23.7万,/l?e=84a9tYzr8N69zkYY%2Bnwdg3pPh%2B3BZ3VROg4PLXp1xaxyUWBbxwjXks0EXuI48M1AZ9jEmKDmgm6esa9hMi0OTrXiAb5E3XB7UNYeKQbMQUmYVh79DrKoPmsYQLkkBGqkSyqloMQLgOBYjmKpn0gDLHagRIqU%2BNGWvmEu5%2FVxLEKWp2aQsXQzYXKYVe0cffGXS0YPIptJCWHDRd6fIcWfWq%2Ftc90MyjS4zUbV%2B2RGLQxGBpQrTEu5AziLVd4HySLnwRYFCsTrKRRJCMcaW1TFL6OxyQBrJPQaeztlSL5dbrv099Ps5LLJMua2QmkbYccDXZXuJ5mhC4uh9tLTNw%2Bt3OrFna12uXOhznw4Lvxfg9J7IHwpkPYRNvwl5J3kyU212vv80EBZ4ruRu9JwKJnLfLLNk1RrBu1Si9rNYRZ8Jl2LXztZJ8FG
2024-11-30,金靖月子中心vlog,25.6万,/l?e=4742BdtmOySxnKSXE6Fsr7GZ04pK0bGCURHnhMtatgYaH%2BC%2FAIgYRd%2F8x2Jv4hkBoNeL5Kq2HxKWvCKGjo73xmEydsyX14rzMdZKz%2FdyDknKI%2Fe5%2BhHX0QECdGzd4QzM%2Bd19G3CFMqk6CkbhGVyOx9Ev%2FjP%2BjkZus0EEZuSxYLW1Vg4ufr632IbtKv0cngKYivWSTD1L%2FtXMsFtTyMMWRF8TzKjQdScqPzYlvpdz2H%2BjYbrTxSL3CWzQwTNQ3oG4u1ePgA
2024-11-30,丁禹兮高马尾打人事件,13.8万,/l?e=4f0cGIP2kIe1spunk0xh1rLLyCfOKKz%2Fktc15COX6boP1CFbN48gykLdsSTno5yCak8pVAECk6QBjQs3AOfBYqzAbQYEbU%2Bw1Jced6LiE4mG9rY5x%2FWfn4Xz5tjoMwOKluqVT5nvsY1xd1D7WPO31ZA4XlOreMBt7A5fSUFWy7YN6fRdJgMA7lGBaKilTWK2RBh9WnO2s%2FM69%2FIneCWZWls%2B9R0%2FIQQiwkmxI1Ho87y%2BgVF%2FYObEvpJu1GkW6CKDgfcyUQ4xdN5f0HyaWgzKPgqU9HGEUarmZbGMdh6KJjTq8ETZyP2KSmyL7vXdlmbqpnXtu%2ButZoV7%2Bi34
2024-11-30,这些OST一响2024画面感就来了,30.6万,/l?e=0077nPZIT%2FWk0VFPJYe%2FGtoF%2BmdROPF5Wiuf9j5SBZTNz268ncEfND7eQeGJJeZAd3qKBOAXNdrrw162DzzCauLAWikZ9NnOmI9vgnpBgqsczjYTfQ4daypaD3kpNXQmFqgNci4D2TRRiPsAPTUEOiLnQdhMdgiNWEJtZ34kOFIogc21drUP8UCHv8qCEL63VC9BjMmd2SMpYRQ%2B3c3lj2SG4AR0GKDe%2BteDOViIYnZYxGNRolg04hnG%2BlCdXu3oFnXLt80D0ojw%2FFGwZ2y3%2BerUTBJkqY33xyYvIKYz%2BF43IDjXhvR8KRrogOilnbl%2FRoZKZg4AUywBFiJEdgsRNmYQEA
2024-11-30,英子开门你的川来了,25.3万,/l?e=5c9czYsC0Hj%2FPwLBLN%2Be%2BOO2qeCkuynJsNJlQ833iZJO9Rv%2FyRz1qR0WdaRPMTK1BS0HD2vnfdH%2B4zHibjHgVtlTIN9acNJfKIGYK6Gu%2FJvtXZRxi2XVlt4ZIPa6xT6f2Gl2UOKXMqMezyvkMGM%2F8lQK1YAXsoz%2Buu28cMbsSe9FCcTCBwG2z2jyoCT%2BBchO0EnyxLIwET6dwRLTkf6y1Vt1tUETqPh%2Br6VSBQaOdFLy3zgjLYiS2l5%2FeloXcaFTUXKSerUTtZeTJn%2F7sVIARalMUkCRhZKeypwAFxu7xSj73QyadBics24ZYXG%2B
2024-11-30,陈小春养老保险有点多,综艺 373069,/l?e=6b7cDpfLWsj5D2gO%2F1g3Y%2Bf8GmnM0Lai%2BEwKlCur%2FNkUiRgcwRGIUh4ihQ5NxHAMlFS3AtRep516y9tKRPX6g4YnlGB%2F6COOXjYaF7Kueet0mEDn9JZoPwAup1IXAnABiCjWOUkBxW%2BrcdUfBpgI10RiqGEdxVw5QQcSK90ZUrxavo6BZdBIUv9oyTQjN8Qu%2FOB2y0%2FBtOD4s0gT4zx%2BywwQP%2F5xb5yZtheSFq3OmhICdr%2BQ7YlKI6RJVMKMIN%2FLq18u%2BrvfCf2BuRDFYSDFQFRtKL4ZfNJdYYv5bPs1zvpu73%2BsGoPIQ2MqF722KuMFoqCzcIk2%2Fsj6EYpN
2024-11-30,G2回应Uzi说和Ming复出,17.0万,/l?e=7ecby%2B899i6WEBjsiYhiIx%2BsZE5u15SRHTWdmVkVfnc0nAwfJO5B0OMJGdYLKp0%2FFPb2EDkc4G04yF5hieqVlpicJYjzJ6E5u5dkB8UyclFeEvWdk1qkQVe3EBoJgsS%2FvL1tkdlkRNJS9Q6x%2F5WrxWSVxRCsr1GrvYPF1RDxM0u7yqCW0F1%2BttHKrlIEjw7KTpS8ZU4yuanRdVUW%2BpxIdY4vqQk4zhFrlFWr%2FIZ7eP5K8tkiJ5hPcsgKwDm33%2FoIdB78%2B%2FLw56JR
2024-11-30,国乒队员用一个词描述成都,14.8万,/l?e=c5f4kTFbJLPYilKUpqRuZ3T1CAoOJXKXhDaGFXh42oGlt4oWbp2LHVZvCcOe%2FdnCi%2F1bNZUyPEAvh2TX7%2BylRHmJMVRwbOykisGRF%2BhWH7Xg%2FVrCjwS1ZXYFTRJdC4S4rxS65nwdf6w0E89U1aYN5HOV8aj7N8e53bEfYmeFgAdZ9lj5%2FUfdlb5%2B17F3NXOEzrC1sXO9lY8TacDXpjGuyGSN3FN8w2TQLYtxZ7%2FBuMaV7bzvBld%2BdcWorY6yiPfw9fuP0fZALc86RyKmYGGHWNeLFdnorMYYzILFJyWKW%2Fiwk3VWic0eaDwYdsjrPwlKg0TS4pSiXvUeI6XaoPUOjq5nvJ%2Ff%2BZnzz0YCYS9RM438h29Yc0f6OHXq
2024-11-30,黄景瑜32岁状态,25.3万,/l?e=dd2cuyCADElF15pNtX7pf3RMGC71L%2BFJUB0lWsyjkFfgeGuaez1ae6PTse7VHncZmQwH3hz048OiqI19erVjnAfnooqABB%2FHOXZKYZGCZNT7NgrH0h7e4IPi3uxmwQuzpPDufvE3GOTUG0dc4l%2F%2FfmK6J8cUl%2FrEA%2BfhyQ2%2F06xA3mk%2FBqFPfa7gt2qeu3HJC5oHpNDfHxWGSJL8Tg9dZp3n3Si24yDSkpWPbEiH8rEM4%2FSP200QLAo2rvPH9dIo9Yw
2024-11-30,兄弟俩盗窃2000元被刑拘,115.7万阅读 | @北京时间,/l?e=f076qfv4pRSQpV%2FqSFvcl8ib%2BXgutv6yNPjHGU6d%2BfDYnQd6hQ6ym%2B6368KScaV9C8UQr7slVcxCw4oDOulyxMM6HCeaBoAlvF4x44J8oMOavphfsOnjVjfQYSZ5S6FQhUxCXDLpO2vaQ0XsWVcRHFeiDLr15o191Ysw3gbL5W%2BxrmDj4lHEdPIwyhO4uhAuy%2Fax9TJh3kJXVBn6FE60JzKDSgPho7dpuvNWEw5TnFxUyag6WE7qgTx2jeEJIrcc7UjcRtLaY4HdVi0hrPL7qpL9IRUGN1hGSy5XEG%2FRxTGX44n5Aex%2FDny%2Fu3uuMU8VDw
2024-11-30,钟汉良O的生日约会,,/l?e=cb6cbAmtFFnKpquYkgYvvv6%2B1Bbd0hKt1CeAuL7PxtzZgd%2BwWn1FIESMcHhbvjR6R2LI5euVO74gLw5PVOFs7QpWo0%2BY7POeiWH84iELyWqe1yLcLN%2FdSNbAE76fTCx9Ed%2BXnzxh4YjRPjWAezD3Cail%2B1eyJcJ%2Fr41Z9O32afLbsiDaCTdGVrIqii5q2MR53%2FTbtDwvqbul3MXSCP9%2B6IAy1EU0Zthu8Co8XVHmuTl74TcdKoTLRHAcdIFJyPKFzHlaes50vHqDN%2Bc2fJiYQqRHcUpDNdc3%2BlJrc6VhhA
2024-11-30,时代少年团不放弃走过曲折,20.2万,/l?e=186d7Zyw4MqvooIXvQMOj9vVg2lpUOijNUJiDUZQ7F2ZEvkGuco7eEJHmCxcA873ahMPdFyuaQlbXUtgUsphtqZIvsPr%2BHnun%2BFfcae878Sa%2FK%2BC61K7qZHJNeEXLt%2Fc76kRqA0wigrhIodmG8dGc3jLSjf5I%2FLIef7lNlf%2BM3r8qjeiFQnGHmsIBYC9egKomMWRM%2BmhZe6TZuout9vhbXXVqaCwajvL7SNSJLJliamfLYq9RNKoPVxBiAObQfusECfpedsW4uWwNp3idNal%2BQrPXumVxweeowU7tN02HbMXJS1MjVpLegkwYa2UFFcsyVK11SZ7SGVIg4OgUDNFwktU6vS213a0md%2BBTcLVHDQpLzEv2HkoEJhL
2024-11-30,王安宇怼脸拍宋亚轩,14.3万,/l?e=8c33LDJXsSeXC57cWGwmoP3Kxp1%2BOvsbb2zdamEFaW5V9Z75VZ9vfO%2Fl1V%2FzCIiZ2soRvPtO6vtHdXqAFObAE0DW8QSpK%2BNAFcakZuV4HVTmF6ssG5boMWgXYDcPY0cYuan8Z3uvtkpPxdEM4nnmx4Spy9nQqy7Pok4QiFxn%2ByU6SBP8qNt3gmsvCT8gz0ZgKdhH4P%2BftXtyl7epoKpNmiP%2BRrPgsbmmXZFgH5Y6w9I14jOc1lcE8QEX2L8vtppYAuB8JxUL8BWV%2BcpV04A94Icko6mXf%2FgoJcjpFZCeLZSAa5By5dZpxNtWwlB2
2024-11-30,王安宇去有风的地方旅行vlog,综艺 300541,/l?e=a453LpzJuiT9iZJ4IashML1CkXq1lqD%2FmwCTV82DZATNgNC7uxuSjH%2FOLPsAQv8%2BsHI2xn7Ldp796Sgi5YhBhs6pf4n1ZngItgxvVGx1Tatq0HC1R8ZGj%2BWz2FOMKsv1h4ePDcf7PeylErFfvqRItM2FTAZjUky6mSQRqg15qLMotdYVG5fODyf5OARZbEcflkUbWzCSjWhmU43rjqJFFYZUsJ9VCrdQavoJ3pcn%2FK4lz0OdpR42Zn8H%2Ba0xZCczurm5noVMyCDQxiPj5pnGitZiFs90WeFRewLh9eVGe6K%2Bp1Ur3Jk16DASwvA4LGeKpKcoa78%2FrWot9PCWJMRgdINpyWhv2OxvoypvYQKv0g
2024-11-30,衡门有狐临江仙预约破100万,剧集 162237,/l?e=c591KzuD1y%2FFgbLm9WjWsMKpU7MImIWcbANnEOQw8euAwZnTUaX%2FLB9EqJsBpPWILOqK%2BQDm4IzbbeffMYF112weEtpi6IkkZj25WsEIcSxm0WbuDlhPt7hayTsljCIkAem5eRklcjT16Q5327lJaAMuQeCAHZv7SeXZdKRYZIlFK5eX164QkfyIWH0izsUOhXvYc36uOYrxLvrDSB3gMzmdcdQS%2BPavoOuik%2Bx4FuGUZCwgfHCITAlsuP1E0p9cWNu0VktLwbOc5atbrOo7TUC9XR8%2BTXnKDWTKAioP9t5CPxxIJHC224Q77rgaj3n82fqlgVCdRtOL7yr3f1QKOim00iyIz7X8c5oRE3fc
2024-11-30,结婚3年流产2次竟是老公精子碎了,23.2万,/l?e=76cdNhBvyOwVLX3M5ZhyUdKfDSRhZurOhimg0SdQwO1gf0O7s0Nl0NzdbCnXjpcNWD6jCVYcPiW4OxhulejSvhDqijV0jMYm5TXHos5SoBdcY4ikN9Xb8tjWj7r8y73jEjf5njbjmi9cXMkwpzTVWu3fD5iFGZe77nrwUNcn6jKHRyTuL8W4HQzvLCOYadmAsRbclW0pdBlGmkZxSnhZdoWYHXNfnjQyJzd9dyQnuGNfwAqUfOgMWHdi2ZkhaXhA2gnc9FuBI29F8RaHx6WG2QK9zwFR%2BbKaQfyXyV%2Bu1hTU6gjya0pyYy4Hic%2FQMOuDv5XXs6ZGuzXtOLh9grMf9Kp7XZOpA79PDoGxTDOvu5c5gTVBXztEJW7fdsI2xg7MrkLjI%2FqQ%2FUsEuy6R%2BvqiG8dU3iKBKG5Jep0
2024-11-30,叙政府军数十台无线通讯设备爆炸,12.0万,/l?e=6e7f3OS3ror1H1S13wP9vf5i9vJI4ZJJDXbwDh35K2icHwN2VL3OwY%2B5T1h6%2FW8rwLJ4tlWnUPUocJh82WQ%2FvpiUkDRLoBaww0dT0B3Ed%2BUcylhpAF0yjBg7PW4FOPVlyULhLOoMzUHp6EnDIjGKY1%2Bh7vmDC%2BmC7KlbKfmEJWhDTr50vTCTee8FJwcLVO4s5sWbXfRN%2F1l8crrIB2Xey79V6JnZtLeBNWasr46nLunWPIL6YUeUIqoj5QX3t0rRmUpY5rxhf%2BUXbsVcO7UitrGXgalVdm6ccNlUfR5eggQ9nqiXLI2RiU7agRKEo9D4PNruPeAoN0gQZ84sF6AO6lyYyZSwg9icVYzoZJqnhgKlONofMEHb6Zi8MSrKxP5AwuaiNbEx6OwYX33RYJ%2B5Yf6NtA2lDcYT0WyU3qy%2F%2B549Qj43Hxzs
2024-11-30,男子为吃野猪设电网猎捕被刑拘,128.2万阅读 | @澎湃新闻,/l?e=4ba0j7jjSJM%2BRwCWlTBF9bLD%2B%2B0c0CbXqKOxYRqwnJ4FBDeSI5yeqUv1advCCaQizP2WLbS5p5VTTBAny3YrgpPD4ua8FDLzvUoLoK6whPN2oOU416dlf3DJWBd7eopr91ToUmAlZ0%2Fn9gtGz6YGbk4Jc8D5tHlSWK61jCM6%2Buxg8td53qugNeUqFcmUvucNogjQuX0Yhn6%2F4Fn2Oi3LjqMArY2EQmAIXf6EkKqymsyssEHnoz2dEuuaRjYjblM0BUTP3hxfkxk%2FMJ%2FuMpE3QDjU9loey9T5tgsrcZwVAOXToDwfOjM2dhaoecF70Mo1Jvk7UG5TIuoZ1GMUWFThg8UzQHLXRRdM54qwyOIH%2BsolupvCirnx5Ti2d2xFqCV9PO3BbIG%2BKHhbbQyCIaEzfUbG7bSmMlJz
2024-11-30,国考公共科目笔试,13.4万,/l?e=f3fasQas0DzlcTpewZ9GMw7dvYISmgQrTwKwCVRdxLI0EeS1Xm2kRlfhSzSUTTMQClGVnH7676wlP78201QAYwqraQkFMj8VGc0uaCyy%2BCqz44pl9Cuchb6BUog%2FuN6uzsFqnKCo0heyiiZMdWucBb0EpLyhQlxdcJ2YWkdYu1IZyzyUljxawEYJBJegxMJm2BVv0F5vpiRnd5T8HyxMunQmJygcw4S2jZIo8Wy%2BvFqWr9HxqymbX%2B7OFlaTwV7llRw8Ka7M1KQuY85hp%2BhEBpkOqriwvhQcrTILPswz
2024-11-30,明日方舟 棘刺,10.4万,/l?e=141bUvgLMRXxxHv69jjp4wrtHewwQgjbdIb5%2FPBV31hW75FcbOjZKu0yNaQPEdUKte%2FvH0ljkrkE4VrcCsIzUB%2FXNn9F46FQJfqJ%2F%2BYDGgmmcjvlQb%2F%2Bn5dEmtIPk2yhCbRrDwK4FH%2FYktabkdSAuHZQwmxxGRM1tBlMZKmIGnkEYZztvMfB%2BUhcghGNFm6Mp%2FbqMEXHB7elsQb%2BLPn1FoGqes%2BygsRyZMpkqfxt2V3DdrWjrsOV1hshScE9IU2zcLHw
2024-11-30,鹤岗暴雪独居老人门被堵民警救援,343.3万阅读 | @新京报我们视频,/l?e=b1cabRjDoPoM2M%2FIh1eSpYNEPceUFaoL5TIAa4FFwv2I4ksKSs0PKtSQoFskfRaCvdYR0RJ5bMEoX%2B9qYQ1pXjKndDA66%2FzJhUa19l2gbA0NLVy6A6MGsIPrIE1uo3pJX3bkJTDbHYAWEBfZTDEpZnE8WpN6aH62fidSz0W08i53aPV2shoe5r4HXldEhehITXRTvhd3H4dLX24efABR2%2Blz0e1LUwEIx%2FoHAG6RQU29XgJKaR23KglOd%2BkwvTfr%2BUZvs9hinC6B5AVUJh2EQJ3Ls5o%2Bv%2BXTBRSDI18XBMERt8OmgBnxOM9cWyFE1%2F7N9H4dlfMObijLDgbKaIuTci%2FhFyQHPciGD7SWq4POQGAyow3WGV6K3cLNiffFoYKDkqKSVH3mN%2BR9oBHGJnM4CIU5xI0ZTt2pNxtLIK1mphlVu4kd1GTw
2024-11-30,员工已读不回负责人凌晨爆粗口,708.3万阅读 | @新黄河,/l?e=895c%2FzMSDDn83638r9XIdfjjl81b5F6URRtB0hau960Fl%2FqJeKLXzu1NP184nwJLSJ5R2qzfKhJvhKXaw%2BAv5khR27E9QIKk6xr7KhJAds7fBInjbE1mVfSx1manBdZetysM7RzyzeXWu%2FCJxDN1C1Tpz5sN6e3a%2B9efcW9rOPpan5vgQxJvNTz0wOAVOxXWq4nyV9W950iXON6EwLgOqT%2B9o1rGjDwoGhLQ0WYmMafluP2g4WNGbWIAbWJ8U4SvdwVdit98F2CEw92n%2FxixugM7P3yHrQ03SmthPBe3lKZOgQ1sDWchdE2UA%2FKYYPJpFpoQ9eBet4NX2JNT7tcq3nsYdgIyzADEdtDYFrDBW6Y2KTRt%2BRcXW%2BooyQp5HQqIjc1zEVCRPUcgR%2BOn1FX9Nkob5mp09NZB
2024-11-30,在靖国神社涂鸦的中国男子被日本公审,1416.6万阅读 | @观察者网,/l?e=2227fmJqKRERd2thyKQK4mWs6uuAFOdbP%2BseOr%2FBV3YkgjhGbvEdMKIaf51LqfZxAxYPBh2qPlP1N70h95dYFg4fK6D9tqbbVeIpSbeQA0bxdcSSV%2FUY2vn45fU75W5ERnCd4J2lKfW83zJHBX5Intr1RZiwcbFuBp5pTOIR8eA6um9zaqNfBZ3w6LT%2BgtKap5l3rysexECIbU67Ow52Q3MqZrWf7pzRIiXrZgAh3Hrp75IZkKXais%2F3YsdFL85St7es%2FJmZLWOsNvEd9qjwfffghBXziR4z0GQZr2uOBvXWCDGVCrUylCzrJxdlfEepk%2B5d%2FQC3Q5Y%2BvJo6t%2Bw1jO2Zrae1nnkfLlzFtOOT1X8XSv%2F6VH3OKkrRzF8JZ2QV%2FBYWdV3vUemkYdFRWu8KeZ9GqbRR4e96%2BvIjMG6Ud7q83tGt1VaT5oylfaiXPkXVsxz40WiyJHMQ8J3S8L0JRWEuFT2%2F
2024-11-30,社恐i人在大山里找到向往的生活,128.2万阅读 | @南方日报,/l?e=de511HA95bVXpJGWpmcwdwuZyFY3Ao2IQxixt9fSQpLxC6sNAMa9AQM%2Bhx8vqRi97P8%2F4dkRSvMK502wJaDrmuYKdc8x%2FP2fLiL%2FRAXeCi0vikQ4R%2BRp4PR2xJDDUmlnTfGfY%2B%2FeYtQbkgk%2FATQ5upV9A%2F4clT1IR1WA7V6AtE4gwDjM%2BQpCH5SIhjBeBoFClGNz%2BPNzZa5lEghtaE5C4z3O4L%2B4BP3lT%2BOD7uHlrL4PcOOLBt1wZiMGkQqKlNavzmFB8uuIk61ReJprZFXxClPkbwjyLpbi6fSt87KqUofRkeuZW3%2FY9AmYeTz2h1OmedPGaT%2Bsx%2FVRgzNiLBayMaMYf19oYHFe79WRyy5CpUwN78jX8h7GJPy6PcstuTrWvVdGOuKOmJuBz3kA5ORm6FmKaBQQ5X3hVg
2024-11-30,iG官宣重组,46.4万,/l?e=36d06QIaYT7nm82SgsS69zfGGchEk5AycMwE5sLXxDmxnsn%2FHJ19xrydKNVgV5VNej%2FYSziFvv4K2j9%2BbpCLkXd24VycEXLK3G1wIKKzGQD1MRUAmZ5aOePJEhTMjlR4QgiR7KH6lGHZsXObuBHYIpLf4kWdl9i1Z8JNA%2F%2BMCXXS8XdtS82lTUVID8gbZ1nJIbltR7%2FSuKPf7V1VfCCumRnicss
2024-11-30,山东潍坊两起首饰店被抢案件告破,328.8万阅读 | @澎湃新闻,/l?e=8bda9AKDXD7JGbBCb6L3w6YF0BnO29OHQVn%2FGl0CzCpvU2%2BC6NS8NfvJ4udDcV0Q3kLHhs6NPunBAmxq%2BVUnnUsYagmotf0h%2B5ieKwC8Yx5q7oF1Dz5g8HE81Dh1UuxzdHhgE1w5gqj1ocOFBjSSa%2BN1taCqcquHAAiAto9S8wNR45g2pdqp9mFXnogeOneDjip56207yUMXIh9Ah80sBN4ScCxMH1SE4AUF2oVBOAoeTGT7zYnD2laNK8jbrREO5D93hZtat1e49Ks52fspO0gwrjluf7%2FYJx2XlpU5fof6gCV4FDO8s7ymXvBJlGYc051GCMCb%2BP6FhRKd%2FAJhTEjfwO59b%2F3WezRyzhp0llctf%2F4mNt0F57yPc6yTtvmraNahXufswoFu53GfntwXYxKIMZBDIx%2FZk%2FLgasL48GxIOrBXBDzG
2024-11-30,华晨宇 幸好我是一个创作歌手,演出 164828,/l?e=e62c07d%2FtS4W1%2BDa7sOE%2Bl3NUwvaW%2B4cqXUpqtgYq9X7evmFZTiT0gkEcYsPY5ldYwCcu%2FXEeDiOsq%2FY%2Fo7ymvMXj5OY0n1fFz3gop0dznmW8kfXFnhL02WtfGPrjABUoFVSD%2Fn7blno%2FVHY6IPfOUV6%2FrAFoIIEW83B0BPqhpCZhf6%2FaMDIzd0JBlq2Y3FZN0uxq%2B7l9QPwi%2Bj7PGlsq1IhskR9VN6qlsRTbiEBItXrk2WPksrhPR5LWLX%2FmPO37bq3FCPG9BxC%2FcpNCx%2Br8zeRnqZ2GRed7H2rlxwW%2BzxCMx5QylnJBKig3OCmZaznKUvNT%2B5xCiOECsrYj210%2FJCFztgGnha6LgcwJDnES30zonWvwYdmGb6YBtslV%2FZ4ofFTnhxB5iv0hy3u
2024-11-30,华晨宇体育场烟花,演出 155583,/l?e=9debll8oQqLQourCeitLLU7FqpsDh76QrKghrHE23xFMFXoWw41yKTh2kGikDrwA%2Bt3cHTEh%2Ftm%2FmVjJrNArpNqmuyZiKGv%2FVuWXnOdLjdVliuwg68H5z216LhUGSg0LwuFR3j232vF%2BrOab6JtAAuMlmZd2r7%2BGLkeLo%2Be4tBLrzQ4Jr7pYA56mr4yOVA1MTdFnKB%2B3tK8Km27nddBh4e2cz4yFoClcfTqZEzPK5i0LEh1TLVjVKF8U08vFvgULLFLrl%2Bo755PHMW0lvBpk7SxldBAv%2FeJbn2%2BGA6an
2024-11-30,叙利亚局势,31.5万,/l?e=7703JiaOq7xH1NxvtcuiMXWkI3BIQ0ziXvtKYHoI2p504Ro338tJYB9o%2BvQaohOWST8W9eQe6VtQPlhEGdkt5pCZajWAzoWp3rSjQldQCNZHb315ibFEQmG7V3xTh%2B9Zut3R9p8EHign9kdKJTYi41OlUppc9shSWnsJSB6yMfnToRsB%2BKpX4Eg77u3C361voGEisiahSbintpJCk%2FuTbUMYq0O7u8VxRf32tBub5%2BDy
2024-11-30,快船最后时刻没犯规,9.6万,/l?e=b62ca9uqbkpg3M0or76HC0r6ctKaQ%2Fc5sICujuy6O61zD%2B5vuzpSbeYM9ZxuTBxpHRbJmKCioplFcWCksgxZnAJQJCGmowsr4rFqHmZja7M%2FuIaQYoavqH2f4MiwPhRJx2oMUugUWbOfigV9yMAK2jqbfE951jK1lNSY52A%2BMBWetiqJK0iuxKXjEpPQmYc4sYCWfiiTHzCDaIUw8oQ0o1KA%2FEZ%2FtmZTBOR%2BzWE14x8EWrOgbCEoKaduR1Yp0aQDUjyEY89FjbISJkGfeAv4hvjgDL6ma41VBR6xugmD5CXgNb%2Br9MaxOuPV7u4L
2024-11-30,总台记者亲历阿勒颇战事,801.1万阅读 | @央视网,/l?e=8792zr5sXGYKbOKXAA53T1m4Ox22UZDB43JbYz26QLwJm5y0VMU3VLxyHlBjNm6iyCu8xrFhZYgT2J0Yl2V%2FQxGTZTJdmPEoyxN3yTY1n5L0EGSJTrx%2FelxhR8XBtER4wyx2YOOh4%2FbR8xZ0LGx%2FYx9ilXslIEt2GjS7bc%2BnJMJ4n%2FMtSgmU4mSQ8Uztr8MDVGhGv6peEyeJ3jiGEUJE5WXRD6H5QFmC3J5Dj36MBjRcT4N9%2B%2BghUAaOgcTREWXrNdwIWlYQWprMrKLJlaQl3QkY%2FdAjCLtcuXJ1Xos8JIR9LVIy6EbURGKL1goIecuvM6d7so2WqIZmZz9TVmXpwBRq6VLPvnBwjiZA
2024-11-30,戛纳最佳导演镜头里的杭州,25.4万,/l?e=2980vLdinhdbNoG1K%2FscI97F0VvhG70xddVsK9ai2DiiBfNdp775gUhBgHyCQ2%2F%2B8VLEuZky31MclH7y%2F7cF2Ki9TEM80op8kOER1EPZI3XmX0R6xuomtw7XHiqq%2FWnS065KEp3amFUBOBjaR5n3yaqlni580B7ZQ5POT78%2FB8NcfoM4YNtAjCpikDzBKB87Uccu7hLQ%2Fmu8SxskWgihbh1QCzCMvTJW3v0kcaZGRTZZgwgG19%2BZ2eTKoD4Q6zssLB1VTfyo8qagxNLoNtxuQQPm0S3HJ%2FFAzDWpVKY%2FFIm3k5EENJxtbGgoLQkIQnA%2Fm0lX217%2BYcO499dxn%2Bs2%2FXnc1YH%2F3GhV46x2lg5jKqMaRVYgIBgjElJq
2024-11-30,GOT7明年1月完整体回归,22.1万,/l?e=14383VazaunJnxEM%2B3JHA2fcOyNeubzysIAuHCgoD%2BmD11rvFnbdfwXkeVOTe%2BABdSDOFedhLU3%2FUBGX5sOqKdvLCBFrDJiRC%2BvMwnGzppkSCZdmRPO98CPhuYglzrfbnPrB76sL5HBVzBu6Uh4WgAVLMlZE7VGA1Bbkl8sFUs%2Be3M32S7TNzFtpKk3oB0FHp7CNLQiwKjwilBjNC6V3Fg0KYCyzVQqHgDEIRERYbbnV8Dr5FT6OGN03hFZEIWd%2BrqL8VwAaw%2BqP69RsYKqclqyiI3sFVqE6Pip4i3fOIqENP%2FY
2024-11-30,虞书欣温暖过冬十二月行程,11.8万,/l?e=edf329HO87HcYzVDLA%2BnAUxRTxGV7jmBeSltvbjmX0ITx1Wniybh1OcxueSAcOsFzL8a28PCZNQx9Dt5HLjIlUhgj83M%2FzFjZm%2F8eKs4S39Z8Mp4JgEDw4l7pV2beoriiBqWa3K0WUxrXVKJK2%2BkSV49BY%2FZrAN2tQt54LkgDYd%2B4z7fmiU9fvQiwaNP%2FWdoc3iISUFJQNGPsdBflKG4GdlZK2P7EKNWzGmarVynoFy9by8TsQxtyqRgLlZHQhLk9sqUHbMsjYMMqX9KgFV3PfIw%2B2m08Eo1oU5aELfrvobrSSZMskF4pzE1NRW1vcoIqX6srb6zl7HGEIk6NCU%2B4vTFwp3sJJStV4dTN7U3%2FtO9OJIm3Eup5Uye
2024-11-30,男子吃掉4500万拍下的香蕉称不错,2750.1万阅读 | @潇湘晨报,/l?e=a9adCsHUQ9gmta3lmAqGrE5EZ0%2BfcdaVM3K1GdovRkFoNeCWvSxW8QF2oujqqKRfnPqTdc0kY7IJ5R8UMWkYJtSHM79%2Fznx2lmG8OnH3tjkJPyfOrZyYb%2BhqIVSD4P%2FzAq%2FbBOVC0i8YOJISgQZxsFW%2F%2BtSKdJnRTm2Wp%2FzVzUD9hd3tbniAjFRMwsPmsOCgW01e6N2EvprU%2FqwSQv99GZA23BZMLVH7clbayzipCD4N%2BH%2BVfIoXfBPTdNmP%2B9qg3bxOoRP21Zv20JhpqdSWhFZwbraysiCRVTLw1tS1piGwtpXlW%2Fo%2BX27GkfaSZPT3wB6SxUVIUuHKhUelxJFMPamX%2BXHxgnrpL6IFZwQQqyoFIK7vJY8xUlH9zXyerSIZmhi4qV0L3tCYY%2BbyRA
2024-11-30,一场直播连麦3人都是托儿,424.3万阅读 | @央视网,/l?e=0e5dXAIRu8DMiGrZqHD2P8yka6l49DcUw04YYuxT386ZawQ95kWEHYMOP9fbPbMgVoJtCtYS1JNo8dBLoJC46XTWQ771FAuqh3WdUFyJEORHWLn5f0dZHIk%2FaWopbbGR6revCQmbhVzP3bNs0r8YRND4siUmk2CpyAAMmd67ZVzRQI3KsaIAbPSR97ab6ERQRCDxZ80hvOeEsCjFYCP7%2Br04hL1zRlS6To6eGvaw5zn5zAsAmuwhs8iSln0Zj1XgfRGzG842F39CeqwnhJL%2B83cQBmaUXsOJdeh6LxSwYV9ATY%2FQDN1vsFjjZaw9NiYErTZ7WnTp2lpiybHzUXAfs3%2Fg0s3t8r6TFS1KKg
2024-11-30,柏浪涛,9.5万,/l?e=b4b6%2F6Di6a7k3yv3w1Qwn10JMJcgxYsbmWi%2BXQD8LHqdmjWzd41z%2B6zBGrAAroi8EuCJ2x5lMVNlWhw2WLLDz8rVsNJ1yNifpOWKjG9Bq1dRq%2BemxYIhnggk4Tb6Dk5%2FcYXPAeGowrbaEBksE1ihLTH%2FLbkvAaxa9r2SXukD7ikRcbVEZAMyY%2FHIkDHLBPPS9VpU
2024-11-30,网传歌手2025试音名单,综艺 151904,/l?e=91bbY0vTHvF30w%2BS9Y6Xhm0pUEmpHx%2BswXA4UQvd3%2FbQYFQ1AJwmTBAwASoV9kp2MisDJeZHzv2vhK1%2BgV4FN6Zmr2Cw3HepNZkpcGIhO1eKPJxcG6sqxD%2BI0o3L%2F9DhTeHBZKJ6K%2FU5yoF1Vt9%2FP%2B76MfzsEUoCOpykreYWGmF7IgRb3qWyHqn5X4mDgYlgARfivHXDCD92Iu8JfbaF3ktK%2FedsUZZY%2FZpAX%2BBrau%2FWw2Y7M4zx3pr3wPt1crJ8vSSGFXBDYzZQVfApNmLi%2F0a%2FwONpzokVwUq0sy9y7PcJZw
2024-11-30,PMI,10.6万,/l?e=3ee4cvtkwT1yXg8D71pkCZ4Rhux0qD%2FmsZd1KupuH%2FUoC1bCwsAJ7kGxm%2BqSTLwTMshrN9o%2FVH09CzjBDe%2B3ITWVxMV4b7Tq%2Fahu%2B49E5beFqqGEIF9agEBDMBQflN6NA7cPPKdiIboh
2024-11-30,多地考古类专业毕业即入编,11.0万,/l?e=b0faNb1%2BI2RrL9I6KfLN%2Fwl%2Bp%2FvTJR%2FPrSQ1zwxi5juMd3BQVcnUkANE%2BIixc02h1JkYoksvWo4na7Rrs2YIe8w6PvOA2ZXki9%2ByRWzHmk266aZcToOGDWeGXQURnyE2g7Cy7%2FNjf%2BKgJuFh2Rpw11k2rGY%2FPVGp1%2BujjzzaeE8PjeD%2Ft9il659jWo4WC8UGlD8dbExQBkz1oNsrSScZoMkSCqwlqoFu5%2BKsNAkHsw2ZdosKPbpD%2BgO5yoL53TurYB2NESGxayw%2BDcTFOc7n64UbWQmfrL3%2BYI6FO59Fgp%2BuQZeXILAe6%2FxwW4rDg1j56LnCXFUC%2FTp2J%2BU9LP%2BDmnmnPDEJ2EJdjoFcxijDu33quhE%2BMiN8CB%2Fn
2024-11-30,李艾希望麦琳看到李行亮的爱,20.0万,/l?e=22ccfgUeiXRiXNqjM3h5gGsy2jqOuuiwFISHV4AgQ9UmtnwQlmHNUIVD8hNTT5p%2Bx8wm1TlJnoc259p0%2B%2B1TqRgp3feUaIdAD2humtB0U%2FCw70lNOwkQlzqgkdxGzMKzq%2F9EXeW3iF5ut5AHrdoN8P63XKlAF9%2FSTkwP7F3enaXhQjYOkP%2FRMW7v2hYKt7rx0YP9wX4hGa5eMsAbcOUoNnz69QHA2OIRG6J5Y5JrcZUpfWfnTESBlcKWdzNQRf%2FfuTyH9D9ek%2FnPLk8193rzUpXDfhkC7xzDp0GOEjwF%2FVdGK7wnOuNRfBRKplWuK6cdUSn27UKoPhqdHJAqk%2BM1yYkhubC8uAF%2BedE51ZzMVdrqYT%2B6fiTd79vwTSthFvYAAM0vHyUD36w%2B
2024-11-30,男子确诊肺癌医生一根针冻死癌细胞,3010.9万阅读 | @广东台触电新闻,/l?e=41f1Jg7wMQ6fQ%2B2FLeiunJ91dKyrqHm5zRuc3loaz3%2BAIgbRue42ZD7%2FngiRG6n9zqjp1StlS%2BJ2d8dzAFtUjzrtubJZCAio2N7V7nRFrvVoG4R5v8g%2Fqs0SGask8i4AOPvFf8umnexq8OyXY%2FogZxD3XQJaUYZmHiiYg0BAkvWY7XnAMfcsGmrtoI%2Fhb60eLZwpUoRD0uC%2BlZITuhOnfZbwODfgT9gV%2Fa%2BDmpc9jxFr40l19oso1JcMurQjtKQZSOszQq49h1lXXNDWwKz6PQUTF1RV7b6JeLh71RxLIfDVnxh9AmJJmKWleQ5e%2BGZ2kKB89hrD9%2FHO%2FCnypochZ%2F1xA2J1VBq%2BFks%2BoGVtaSgdGSSHzYjbwTxygiXn1drN%2FGwyFjjE8xny50CbNKk3bJM78mAeYSm1%2FtRji9JXRcIK68%2FYq6SbjBONfm%2FazJa28ps7oEpN
2024-11-30,Langx被弹幕怒喷不讲武德,10.3万,/l?e=eaf6VtBmKmf159%2FBOqYw%2By%2BJSxdnMP0oHmh24D6snwIu3gCxkNCk9eJBj3r%2BucLWEzegBQSdCB4IVonD0qouPB0%2FlRIaF%2FYnhNx37KENjPCl5G2krz9PjRuBW%2F4Ef%2Fp2%2BGpcei15qolQ997V1jpooWFZu%2FzNqJyGXUQRUexg0o19O5gS9DgUX6A6V2SgjAx9ZaV8V75H4tOMgjbitfKAYnIo0cdgZKC4MnWw1%2FilsbAxNh7zyJB63%2B9vyl7MzsI%2FCLBjeVndIYlPUDAXTOAMGme2VezkUO3XQXeJ%2Ftye90iz51b8KICRPwaAraYzJcUNjM8
2024-11-30,黄子弘凡走心长文谈港乐,综艺 108090,/l?e=c490BvPIkslEChnkZNoXZIptTzCnXJzYKDOuYwR32TsablnvOp6BVFLKEhYXzm7U%2FVSKqc1XfkLpA4ObI5dtqE%2BQyBZQ1LJRRQ6GnCjA8r2TYRSqBZTd2zw6wS1lCaFi7WuhKZuvHQLGHVMtBngIAcErQf1uT4qUtW7VwlVLYRDXUrYEyY5KLmWFGF%2BADhZtRIVhqLAyCcZgLK%2FQ5b%2B9aJfqAih%2BfOS7DOufEXUaANcsWh2ZtAuGHZafouaRgQuVpltPC27I%2BkhpIr%2Bpc2eFl6r6GGwbI5ILoNW%2BxwTMuE9eBhJkLleWovSymCTfMuNkEXvWtsMAwPp9497hC0767VcVmMMPCVkX1mcX
2024-11-30,多地发布缺席城乡居民医保案例,193.8万阅读 | @澎湃新闻,/l?e=4975otO%2BKa6Qs%2BlVoo%2BzLqJF6AUOkjWd6ecbxZ0NkCoXKTHX5LFuZC7FNU%2FGVOcClT17f0FObUQ3LfxJlbP%2FtfputfHb3uiFbGL%2BvIlLpMIUvxqzxu9AJVeiKwS1g%2BE0%2FwJS1AADq8Rn2fHtFzVMaCam5LHIGo%2BPsvWfOqb7Yh2Y1f8KdPlEEj2eBcV96IdWd48IQYeHAZRC%2FIxN8QjHaS36JZPJbM3W0K7I%2FhC1MqYFiFiYcR5wjtlV7tyWbCkoz5OflVG1ljg3jixZW4eE6W5W1dZVGmov3vXPtNlOKMZ6xB%2BHWtEEZb2GU%2FY%2FsxAw%2BK20rsQ4RvBEINEyEsSZXPnlCwRldCVIIEbuK29EotqJMDEPMZLn0eH6CnRc6HExUpqFI6uqwrJIsxW%2B5nYMubVIyB4IqjNF
2024-11-30,婚礼前一天46条喜烟全被偷了,1507.8万阅读 | @荔枝新闻,/l?e=9b8d9sjhjzqJ1eN%2BrB9SqVpfQi8%2F8KnLEeaAXGYxiR%2BkZxNdcDb9EWZZw9XsXso8BL9FdR3V7ROk0Mf8fpb9Ndykmo9DBDEpmdKMU9N%2B%2FNOMJ%2Fv778URNvKVz44pAA%2FSFOVgtWcJhRyDG5quz4xnO2ukdIHKwkdajqLDY9icZBo8uLcmt13BjJTcl9OkrUbhuLVDEENJuG%2F%2B3jh36drM8EOvuO%2BPExi3KbVxLwGol7woIGoFmQlyvo0RScft2eAT3eQ8iCrZElVtC7G3eh7Gg%2BLCt2E6EAQhMKMv7e8YMvF9P2ZL%2FO5m22ol193SC7r1TGOaI5pqsEKk%2FawNWI74sKg8G30Fh9CNuIkh%2FppgxHO3drS%2BuknA29KhoZ4
2024-11-30,陈都灵十二月行程,19.5万,/l?e=6d97IyG6yXx4nnjK5eFZ9nyEwBXJDfM2GIjNTy0jtktfY0S2JIdLuWyJHNiemmflC6I4Jj%2B2Ne3B7S6tMYPnsjpFeSkTYHTKzryGGVpYTj96UcOEUghwmjpmZDl72PoBK%2F4rrary6YwdAWMmhr9EBxiKgLDUUywAJnC0svjxkjjy%2FGD6M2ahCvUi9uXGAsEg%2BYXNxa8vDjgOGzauefizuwow6oemGZCN1HM8FWxqE8qA5YpVkkWA8tboEvbVThkGQiZ%2Fdnx2o%2BEiLwkoqBZ9tv9%2BWouobcfRpN7GlY8w
2024-11-30,专家称艰苦地区国考报考率达99.5%,9.8万,/l?e=f277pTs6LIhA1lBkxMEWyvk8C4xaSf80rJ2uwW262TJ6pkS7A6vQHUL9p7cLQD2rJPwYjv1TMYn5sNKUBDR4WV7s1oxSPOHJ%2Bn8hzoUP%2BNVhkIfva%2B7Poz8O6NHEe2IjR5XDTZ3YgWbz%2FSIiHx7ZfI4EJj3coNvbd8Wsw%2BJJdnrP87T9Rwtixbd9jongCzdiqrzKckr6hwCdDq5BJCmGCTA6b1gAxxx3T25aFf2b8myT9TsgATFt6SzBljOQN2fNQCVdBU2oNgqqLFRFHl6ZUnBrmjzDEnONW1i%2F8mmlxVtLdA3U409%2FQxrq61EIFiSZxOYVRnJVk6opMrRrcaEdSm90qg07gRasmyZM689CT0diRFjE52Ytrmw99CNMQBLUOSqzsaSZXPWxcFAmcRIG638N
2024-11-30,多地考古相关专业毕业即入编,247.4万阅读 | @海报新闻,/l?e=0c60uy5LxOR9fCv0Qz7TkuN7RgqLQFwMH7PrcHDwIrnhruupUm3UYuCytr96YH2d2vRsNXmlOkoBRg%2B3tBG7IL9My43abaxFA%2FH8JxfnufN6lVergTnhu2patToqWOX3kGvCkhewyNgKowZRtx6A9QKYmOzyNZ7GRcrW7PGn%2BjECXEQfq16SlbFZPGhaKKAGqMij3biGYs3qAfI6p2UmXK5EyceQvjXQmEBnTndu2LO0%2BOzncpqHhbF1C%2Fra0R8swyWMldfZfRL2PJ%2BCgvP9ank6IfJSyvDeUrQOuXqsn6F3OeJUS2cpiLv9BvNMQtEtNbYjXeEXzgLJq1DKj5tRbqWE5C57dWe1n6zoUfnltMhubVZEZagGmfUCHFG8O%2BhYfHF1BsBFCuxa
2024-11-30,白鹿十二月行程投送,14.8万,/l?e=5161sbqjBne0Q8Em2ATjXo2PrlYsJKXi6NFf5qif0ToV%2F2Ans9d%2F76XiMGsajti8BbWMKmjxd0lfBzjw3BZc9p%2F3kpI9KDkjbmdSQYWu5TlkVjDULxPtIpd3%2BZaC2TMQ%2FMhVBxxRHcHH2aR38YARx8Wu17EYWRwCeX8psqzIubBHEnv49tBx8hWwMlAfCZI1bTOOsd5S3XIPOjICSXWZ9jx9noc6ro32VUYYq8D9GK5d2fouiaWs0Uv6ddF8RBdiMJZOMSQ89TRHbHnTXH61GKenMW0mA7JSo8lwjJe36gSNL57PQsHp44l7ATQQ
2024-11-30,莫兰特逆天滞空,15.7万,/l?e=f27eZbrwGOtdpwlYh861j9FCN0xt72jpYeq%2BoDSeMxomRo6tRqo4TeMaQMTOcmKoxmgp6Y5ymKFcQ5%2B077N4ReZnP9zl1Qf8mLGU6f2Zsbw1y2b9YMJHEXN1IUn8IFiVSeCjsrAcDQk1kyWzxr5aSXixnux06euOaYvc33i3c2caSrkA1kRLg%2BdqyjAZ0nToXYNPqlhYlXyllZbTQjI2CYnRw7Ty6jbb7dwBKanELlB2g9yVorLH8%2BSavuVvKD3%2BItT9VjmXM68AcJSger8%2F
2024-11-30,奔跑吧兵分两路走南又闯北,综艺 122986,/l?e=1490hv1HaBcpIfVOkAAmHvdnklSjGLXp4yh6OUdsStVqqtdYvu6n5aJV4KqA%2FRT0sGsNorHvGQyRrNnV9h1G01Vmr4KGXtfTrU%2Fa71opV%2FVaJGyU6dDjUQ34W0RPSiFEXJ4JykleskQL%2FpAMbu4VHL7cn%2BPIf36ax0wHlo1mq0RfH7tRGSaU0%2F9Vrk5Tit%2FwrAvv8fHApU273sEKdLqrfBlKWmyH4n%2FGpLJrnBAEenEJSUd3gv%2FRm6x6NikS1GP7T9owP9EAPOW0XlEOm5XrLarYwh9i5qR4tLPU2lLW32%2BfzpxqVA6%2BDnw8Dv7tFkEzpXyklFQJJYQL75sS8Gi3M5jhGstubiyaZxLg%2BN8exMMGOr8RHm5Py7Az
2024-11-30,山东潍坊两金店同日被抢,10.6万,/l?e=22b3%2BEEMcuFNXCd5htgKVgfd6lxBQnSz7XEByzImuWjptw0Qr34J2S88g0RMx74jFgxx34ncqB7cWdbDJhrRvGIOHU3TWayHdT388uLX4TNbWZozaHE7a70vmZb%2FK3ksSZ4MAO2nyMHf8YZKlurjfLLVljOpIjLyAfR4JioIxxXh3csAg%2F%2F9yL%2Bk8tiseYFph947O%2FUA3ZF%2Bioym%2BNhgkWPzR1ki74jvXw0vNLSRhythKqiyS32QrREgbYlc5mX1GB%2BkCLyihwaldmWqOBYiko5hSc4yID7%2Bf54HxjsA3wdJpopeDmaW%2FZD48psDXMnZzy8WQCdVLdFMKK82TwGTKQQCm3eo8fq4JigF
2024-11-30,纯白无暇的新疆棉值得被爱,299.6万阅读 | @中国蓝新闻,/l?e=fba5A0yNjVL7CnaAFqlrUjBPXx2P1na13fO3FLCA8X2r2LmsW%2FU%2F8qg3uErgmwRuLJieDcYNCFztK6LkH2OobO0fI0vdaISo0vLpPRWl9msjtAbSuZV088MP8besK1PUts%2FTx3DuMpKoYZlB4KFIcTTGxD2CSP7mvz256DzpZbIWAs17OkTYgBeVi51HpWS2h0VXNwe454gYOoHyJNLe%2BjKAeVp7RrKwwB3fyMCDWSB18N%2Bp%2FRWR0M9zaL%2F0zAnJFu1gTGly0P8Z996juv%2Bcg472KDFNNp6s22ZFiq1JrIMgsc23qYA5B4r5LnuvQujXFbD7SNe5s5f1EkXMxu3SiQ%2BwTPTFhct4Q2hUh3DJK9z5GN5Lluh6jZ1E
2024-11-30,推动党的创新理论更加深入人心,,/l?e=9a997oaMzz7NMy7Kaq2vySrhRISb3z5CubUELH%2Fb9Mt43MHEv%2FL0GpjpTWARUTu7snmNQ%2B4g53n8MNt0FAcro4nps3YFmbi5dgaBHy1LYsmZbnzMQj83MRmjGppF9CeFe3ThVRcYO42DVkiHoiT%2BbRox9G8RaoGJ70PxTKHfCeeeKVVGTEn7EEG8Z7iZxNcE46dqgdvQGPNa%2FfXwrCt7gPC1Dmjw0hvdrwRxI%2BS9hMgkPCBqdipBf%2BCOqPI8ftVoGO7Ax58yv5z6qPqAra0PquYrdTHVPexZUiDcsz8NQZlVIFG6nslE%2B7pfRMuTrfNw4CRyZsE7ErlEcKTmBuhWa09WryX6NoCrP6sKDdunxRGaDYM%2B%2BCj3eYzAc1ZrhE3Tc%2BLJYYlW6Eoe%2FMq7V84eQzLLfyZ7BoL3
2024-11-30,大理一奔驰车追尾老年代步车致2死,371.3万阅读 | @澎湃新闻,/l?e=b030AM5qNTqx%2Bbpd6tbJ1EPmtLdPw8iI1Rf%2FJ4fj4iZpzAaBP8Iy%2BCTl67u%2FsWzkzFUp%2BJ8VxdqJ7OivOe%2FlNer5B0JKrPjgIionnR3vTiXOy5g932PC%2FRyh0HpPvmGZixK%2BtJAQqHTKodOgrU0x2rMjSvC0ff5WKlAWgO9vxPFmrFsEiZadaxM9tZOHIjjo5byS1X3%2FToQVGNRQxe5ggs9qv4io6FlEIKw1a%2F1KBh3Hw7ygVIP6Xqmktq1kU7h0f2YGLX5X9S0Zx%2BwMXbrr%2F6wDt%2BuxNKWFsRFnNcaSe0Wry02XZHlOhghmI7A4JG1z7gAktmX6pd6LAKT95O2RjyLPeAn2qa5VXK72Lha3uTlEldtqNVPi4N2OzqZC95RDIA9ehzQoYOrEvDVKe6DsUNYmVcKsLnme0uB%2FKABUc82mPzauU%2FboYQ
2024-11-30,肖战致敬平凡英雄,10.4万,/l?e=22b3%2BEEMcuFNXCd5htVZA1Tf6VwUQCm97CFTnWkmuWjptw0Qr34J2S88g0RMx74jFgxx34ncqB7cWdbDJhrRvGIOHU3TWayHdT388uLX4TNbWZozaHE7a7AvmZaFKHksSeULAO2nyMPf8YYwlurjfLKuljOpIjzyAfQCVSoIx2%2BR3csAg%2Fz9yL%2Bkg9isefhrh947O%2FQA3ZF%2Bi4ym%2BNtnkWPzR1Ui74jvXw0vNMyRhythKqWyS33qrhEgbfJa5mX1GBOkCLyi9QaldmXdO00q5oB3Vck6IDX9fOoc0T0D
2024-11-30,乒羽混双大魔王绝版了,12.8万,/l?e=63a8fCtcd8T8sbkR02LQnIaP6QV5DFqq2%2B%2FtKfPB%2B2IHiw%2BlVXitIMzASk7QYYYsY5AG0%2BICOCSj2SDfS95O3TfKrzR9lzlQ99DPOnE8hEek2AdB0jR7HNXHXTaUiRdjk3D4WG%2F8LY2ZGiFlvTbT6fmkawIpNi2LHWSvF6YS7249QydplHxsLaqGjmSaf45UZujDS5gF9Vv0Tu8C9LJPyba20tbKs30gkTYkVrIMhoQxqTtaY6GKHPE3h8HPCJsok0aa0tKDQ%2Fy3zrOiJ3AR5wADeNa9Hu9ia6K%2B%2BDyTrIAUpmltTV04hd1OQLCkIcFbvvEQo1Ibwc%2FhQQ%2Be
2024-11-30,张朝阳不建议掏空六个钱包消费,2320.0万阅读 | @财经杂志,/l?e=772b0WytrLpFZbVS4w5cEOIbdjHPGegIv%2FaCFfNIF6%2F6ttlDtTFcnA8S1pYwEYORFFWKimktWlIooZUT7zW5xCalTlJomaKi2%2Ba3pkjxRUcnnhGCruGIyIjPeHgbP2EfPrm50E9PjpRPoTn5Q4NXnibdHfeJo5NGjrqNeu4EzA3nqn8Ig2HuTRP9d5i2vLnJrqXgnWzg6NdKWWwfew%2FVm6G98puBzv4wo2Vpmi%2BMtPOt1LwybwIyLJ4Lonrm3a7756BRZgzJevYE%2BiK%2FQrKSj2hiqc0kJALL64PsblfKAaknIr5eYOVpcyv0CC2GzvvgmbAdRqxEbNtTh%2FrD3RoHiMfeNL0zoI%2BW1u6dozsfX9GdkNO6ZA54EX5VG%2FCMvwISqXZ9Lkmmx%2FmdH9m%2FBXdhGWrAC6PRXdz5
2024-11-30,龚俊彭小苒暗河传杀青特辑,剧集 158525,/l?e=9eefJeBzAqGIHVb2iS7%2BAZgUuT7FKniAxT5e5%2F5CMkhCIJnk1TxHNx9o8aYGeLvb1jRwYzbMCdEF%2BL7MtFJnRgwx1B1bOy%2FnqpnQIGbI%2Bn1Xc6gFB6VdMdQzuDL200fLt2cM04aVerabaUn3pSPswYpwb1IFIJE4%2F%2F9vhR10PALZE73oY%2BHx8bGM2Cm2XIYFAIeSCpmx37kWAxKYxdM9vVf1FJtjLWssVTvqxUpAmNK7CakXy0kYNqKgk7zKcUoJdiqaxXHNYWMbV85wGU6xdyl9s%2BHFj3cS1YTHSuac7s8icmHaB4aUkH%2Fr4GY83SLK1GklUAeQrptDWytbyPVRu4OgTAxj8GwT0aXR2DcqwHq6eXQeFi7bk7em
2024-11-30,国际奥委会祝梁伟铿生日快乐,25.4万,/l?e=d25b55SHbtdSOYa7%2FwgNDBE%2BzV%2F%2BHhe4IEE4%2BE4%2BEJCZhi4fWNw5wmVxVl9OJf0J4C8d37Dzhfc9XkSAbd9mpljqvnteq9YVX0%2BJy8WolTFwcyOhkGQi1yxboQdpefKaW6nkD6V%2BCmfOVirzh4YhXT6f1z7daWQ5MU1OIY%2Bv8ZeO%2FSvchrmHW5DcdE00Un5bDMjTwLSei87oOZ9juECrRG5o%2F2r%2FwZF7GbqxTGd82sbCXEQa7DS3Ty4xaXq2WQ3ocSBRwqJjNcIO6LYCHiA2HZ4Rm6bB0he2Kp4eaO2f%2FVpUh5w2I0yWxrd0SPmK%2BW56f2hbYJwprkOqyvpka705lpWhZrbwUMsUECJiDuM5aP7j8zPvqO1%2FfTnZQZJInaZPNOHxQogYunZA
2024-11-30,名侦探柯南独眼的残像,9.9万,/l?e=5051VOeT9tbeAbkYQ1%2BjNP1Eq0OggIXopbsg93G6AUEUCK0Jd8w12rKyfQK6X0B1tl2Q3yV6cCcYP0vH3AkdqtmqHEfO%2FgK8%2FvG9RxF9WKkN44fcvtWEtBRZGnwkCzCadetVhT%2B7Bx6av%2FR6zXl2RTp4gjxUTocza%2BYMIKa3Y1IBxfsRRFX3It%2BuKFWwxs%2Fpg5ViFdcS%2FfhBAHbfEZp%2BVTGIKqRB7vwejKK693PbIw8ALFfDehcEu1kWQ7N%2Bojr4i4uyLxR6Wmk6A%2Fm7oZ8WSwYV8q4T%2BZ6jLGVqbqAl%2BiuAyuwYBs5vHyAY5qtPmqT5VE%2B%2BS86lEPjLdjbT
2024-11-30,你好星期六全员晒初雪穿搭,综艺 143579,/l?e=1561HXjfonGDRo7Qa3GPbI7xvxC8NbktGoazu0EEbY3zcMCg8dwdvmPQxESDUfoRFIWjWD7tUipXA7uauxZmPV%2B%2FCW387qgXug1Y%2BWjqoXjAMwDMo6cpXGHmoOBMyw%2B4nH9n7woj1vs0PXSZpt9n5XSc%2F8ofI4kp4ospGx4BMKWF7cyl%2BE2AorxHdFFllCyfg%2BAmEXGceZ%2FVrIzr7J6Rl0xBIWnzY1OmVdmtT4MBh7INcsf1EFHgBLL2viAweX76FzL%2BH%2F2a1lUfZoCuVxTE3c4ank2mkIFkbiz30ArSKbuEVGij1O%2F%2BEQjaIHQTcEzrLT%2BnkF3xKZrGpw1JMC4JqXritq52NiMoOTl5PVd1IIvwshiEYDWI6cVt
2024-11-30,刘耀文百花奖提名者采访,12.6万,/l?e=e83abYIgZrot4n8sPMeY4L50FyxYoAPrijebWscrzhGn0zfjcWuhVZEn5Rq3RaFudAfJZZJ%2BQj8YF%2FmYUqAVKlx9WoJZ5aKlPqnhk5t7xwDrkqUZPIaLmEgFZyp62SmcbqyFU0e2F2%2Fkl7jMOdcLJYYZoXqYb8N3zHv7sZjPGrVlALbrRJvOnbyNisLJJ50PyZWYZNt7pfiovxjixE9k2vJAdm2FlKdrfgaJD4otR9dI%2FY5vmTUNcrxlHeL5vC6ghW6gpCimw1h0balSv9zXeYTeYR2foC7AoAwthK1gNdjFAzqzPSEjK9O5PK%2F7Xq1UeuVvo0WnanttSZJUYvXPDZI1nUmslJM9F3E8
2024-11-30,拍雪景小伙听到呼救瞬间跳海救人,621.0万阅读 | @新华社,/l?e=5a24fr%2FL5wSSb37OezI3Lm41Nv%2Fo1iNX%2Fxdao17EwnimTWH3N2jkYb%2FQ99MOoclDy%2BHzDau1N%2FpTOUkCOIdzwVFq5j0S4B75pivFmjD6wzXEGDDGcAI7FPzsNUzmXm4B%2BGsSTz2vxRYg1W4zxzJQ1BDpBgsww%2Fp%2F4knRKB6Xqlks1JEnQFL3aG6kdE%2BG69LeJ0HWOgQjE6zgYp9ba75CyquzBzPwzQw5S0nm2iEISgvVyFShA9cL7jS%2BtOIfBNcEP5CzyykcekBGCBfIXkuAakhvom0aFzsGM7Gyek9m3KANBNTqghgJipR19OO65dao1w9%2B%2F0SRlEOd8zAj5H9gZ4l2Dd8sojOj2dWLMvhtAacgqCEEQ3lhu1pb%2FldHrniZhskbgSYiJOT1qny7E1SnNOrlvC%2FBBMIf4MdsMTx111MwDG7pn8V9
2024-11-30,男子被12年未知女儿起诉支付抚养费,8.2万,/l?e=ca69gD1lTtj9BM69fispYkFckVLPBQUSg%2F%2FeGB563CmYFDXxhkJIYP4X5cRLtkNe0bEQPpxEkS97gUDmlbtUue2a4ekLMJhIZKGRz44h3Hrh5ejtzxl9Isea7lMEANw7iUp5K2XRnIdcve6R8PyqCs0QtWgSXAS%2BRrdssIzO9rCsQSYlMTAZyb2Mc48OECGUWXBjX%2F2xgKraI7plPHsoBRPYGtR7PjZ5aVR%2FkDPaMy7T%2FLkcV3oN6LP8m4%2Fwz04mA0zCga%2BBr%2FwMbv2HamRaDaU8oGjPs5lRDERfDM65ewWejfroLkivyebpfSkpoofO5RfInAFJenfwG5MuAsd8vwOMGxmYbfgTV3qpLNp8gQOqd7XX6triQG%2BxPw%2FZdnQzOq1pmQKX8A9zQAzBpjtJWMP3QoaFt7yT%2FJiJ9MlJ7MkY43yeN23MASk
2024-11-30,再听听志愿军老战士的话,346.0万阅读 | @人民日报,/l?e=7a06PJIXcCP6o2kQI8KyLGGq60wdSkMxp5sIQndLvMBo2iofnjJvQR6iAJUeMnNoiW5rSpReKZhmDsK0SnT9r%2B%2BTab6cMPwFqQ2tGCMrm%2BuhuvEKncPOdOugdcnYO4hKv67VPLY%2FO0Xcn9FJ6QjEU3nbiskVpxaHmF8ZLBqy1MFt2L7YN%2F3PTBSnrHfvy3GDUIK9StL890fGcS2nhP%2FFEKOcumyTUlgEoW3I5nNIPNdyG2XF0gaRuO3Z9lj2nQgDlbbslRpTyCVgLgiaZOFvfLeShJO41Bi0ZMaC%2Fglibs9D78aETHCfiCc%2FxSNfnvzAqcaEh2cCAztb4peFWlfWwQ2Z7O4YBDrklXul
2024-11-30,2男子捕数千只鸟被判5年半赔36万,28.9万,/l?e=8d4cGY7LELT2WB2ncWl%2FnDk%2B1UsSa9Eh7ILjlRcuzyNzG7SDb1u3a6I4Jy7bq3AdbDpRlGwX0ux9bJeaEI3HFa%2B3wtJ2Z%2BKca1Cw35SAKQgelxD%2FTBfNfBuoQz2J8z7KDARaTDKPkdSw5CNTZ60uLwFGiT9ie18VOANSQvzf50rNXILdb5vxtaIMbBnYU7VVvia%2F9jenYRzZ2NuV21KaqFHdA%2F%2F3zI6%2FFrg9ylc6Um30ziwMU40dUtjq%2FvPFaV64tmGdnpH6TVWDLHssFU7wrRH9ArxQQJK3FU9OOTOQ5C1AM7mgQmvtSUhE0TikwA30JxibsH2WhhEr9DyTw%2FBDn8oAZPTYj996%2BWZr73aiaSHz3kKkQrHQJT5pzZHKaiBIda2ybSPGAejeqph8Ig
2024-11-30,孙颖莎上演高空杀球,11.8万,/l?e=6caacWffesDLHCMip5u8oWYxnvHz9i89vg8cUV%2B0XXurK%2FUFoXW4nsWuT4AcHVKd0uL2NOfwwnumIp2XiQxrFASnovEnL%2Ba3SuqU42XxClHo5ArHP5A%2BBL6%2Bm9Pbl9KYcxSNB9foee2Fhwn%2BYQAvYul1RWgeegmQwR0UKoZDFxtNm8e%2B1mdNG%2Bae%2B3Gim5Jz6vAS8s%2BT%2B5YU4C4PwK%2FKky%2F8S1dsJ6sYYJ1MInwLuHkuHsHoxOk%2BrC2Zavfwh8lxXLUHDAElOoaN2cPCqj%2Fqfg4spLDL7%2BGX6tpz33v%2F6otFl2g5wFkAwXKhtvRY
2024-11-30,MMA颁奖典礼,音乐 143873,/l?e=25a2HH3xg3xwb7BeT99OUq9nHbjlvDAVwReMxm9v35Fq63XelHtDhpYITKcwdfJ3tzMldgMiAM0U0Hya3PDvH1GWyAaS2pmjQAEdE3bTuThX0wgNfSro7IBQCwFVPs80OAUqhUwk3xRQXyQ80F4IEAsaDZqlWBmE2GhXTkvco%2FBYI1LVcuM4Vo2JadzyvxrANoU7gE%2FjTaZLWpmQFzF%2BPcBNdgP5
2024-11-30,谢娜 云中的二舅,演出 98072,/l?e=ddbeS8sPwG%2FWC20lyZunCUe3iiSb4FNcroYAcn6IHoBglVRM8e5OXVmPt0Z0DAiOojXnnbYO2A6fEGuEzl94eBAQ23TpcmQaKZe%2BSHIQE5ASA1b36bLb9dgJHNL6rcCfHo%2F7pw3YkoxvCTBhQ8vWDqmKibRyHU%2FVFdeH3rnMN6IP3WRbi9WDAcOr2prZ9NShkyMHGrU5Aoxn5jrJlalvuqCmllV96DYslhM4WwpzDPod7L3cXWOZz7hLQt6toLlVCJdGbL3hUQ1qEM37vKcfbh91
2024-11-30,这个11月因你们而熠熠生辉,8.4万,/l?e=8808rc%2FVHHRCPg5D3vPM42AdbVPDME42ULFJ%2BQ86%2FK5DXEmVKr0H%2BnrhXuVR8O4VXim4uSh8FSkw0vQAX3vvzRToeGBtK9vJoiRA76hOMjcAX0j8T%2FKi5jM%2B3xVSQAY6bKa7RoZYSE1eV8OatDT5wA2CpQhn4rY4aKTock4AyJ0P4CbYh%2BZPuX1X6Jbk7Z5OG%2F39wLudoW3GlsL2EIH70tqvkrNQ4b2zILQm1IipCNytyLA3MpkVUuO%2F2cMKEXYXXwM0ZQtDpXbROAjYSzzNtHLlVveZe9X3O1oAKM2d0ZKXwxfc3M2t0zO8yAJSo4WcVy%2FxoCfmltnVSjepQ3XleEDG38tWcqq8DMGAXcU
2024-11-30,2025国考最热岗1.6万人挑一,1726.8万阅读 | @九派新闻,/l?e=f353O5f157QwDu6jzoBzdPFXT644yQvUyk4UaBFCsiQU5XFWF14mMjaggX3lrwaUYzeq%2BSe%2F7IvBWKwBUGZpT2m17dKdB%2FJ70Q14MAodtSKXCMXp7PJJHfhG2X16eu8UeCTGudxwx6lsxYinFevWtdOSsrMFWwH3mlQJBn%2BCLSmzOjKBs9Ocy0%2Fi1l%2FZUoBM7zkkj7vth5%2Fouwbitwlo9OkbwhbI0PZv0xyhVTwelPbrvP3thUsDgN3DBIpmyJqIXfr%2Boj2GmuREUoixjtEMXSXjzMYGZbJVMlt9hM0O46EOddb9qJVJrap6PA%2FVwVdDxglcFw
2024-11-30,男子殴打父亲致死被判13年,663.3万阅读 | @红星新闻,/l?e=9f63EOVDdDJoOMXpgrLOca2jGGDCf%2Fy9TGMQisCKeAUBG%2B%2BLpIPc0f6Ii7mzWf939whVGCeLJ6P1jiFsEt55PlGBlA%2B42%2F5b3DpEX9LkwoEfCB2cbv%2FlyBPxcWVcsedVcNLTH1mk7xZLw0TzHNBHwAbupPcWSx9lnQgSCaVfoUZhSFMtfmySbHryiK3VSJKRvDDsAkCu8X2APQsgjoIpRbmaKCERZfQXj9o7Ood%2BAA%2B5fbCSkDUkwpTUHvZmwpiBtA%2BFlHBfPHf3xnW02peg8bhB752ojtO%2FdM%2FvAU76iy2%2FK1piUS04EG%2FXbfkGVrrbmquZkKRqUukiWMJa1ic1FfhXDRCFocZsYzMCGMM
2024-11-30,成毅徐璐演长安二十四计,剧集 116329,/l?e=7d15BNxz6NmS1ZWk95%2Fuw5ggILxSP5uN%2FOfiMhXDabliZsuNbHhBLcNr78kk6YvgoajVLUUeQVV6m06H3xsW4e9AmIM2sjQDPP2icj8Bs8lrrkQNApOtoJZZdLhZtCF9JTnhWgxOaD%2F7Rrx51DYGe5CdG5pVHBnsZflLHblNTPS%2BVgz%2Fee0AIOilFgoXJ0VGsNMY91fad0Yk2FsXw1vtHwSEHve%2BVuHD%2BkVeSJIkuraqF2QQP5WtKyEbpbohDE9uc1X0dOSdliTGdDw1XjthQGwrqyqrCBLHdEFk%2FXP9wfytsdz1bNAS%2BvBy2bq8UdfAMg2Z%2FJvX4GhBzuE5cnZSSumUmT%2Bi3IK0LuaZ
2024-11-30,成都混合团体世界杯倒计时1天,24.8万,/l?e=e15cuatz0ANqbnoR6SaUevPupMge%2FFlKaI%2B0cPdWLCmH8rzo5I3b9rhKO3hHHoQSzIsx1ui4mwF39PJmlA%2BFwaLQVKLwzq0x8vcQ8h52UlX20BCT9SJkc4RKA1%2FYMnaJzKOcZHrBvD078COE3cszg0FdZe1INA0CW9WWMwaLHYmeb1kSaaZJLeKtNtOodFsQIGHow3nztK5SwR1tr7NLeN%2FR%2BmpOLdY563JitGQ9pClrB2A0mpwZoJLrDmGU6ZXU%2FuebvD%2FoE%2BRAfZnnh6kEArvlQ4qc8UqGsvX5qSvLpD58YB%2FyV4GXNzkdOyhtlzMGcW6Pv5q2qBPwgwuPvbXA5%2BZRssaUvLduQ7K3dpyVbFApXVoE5zy65Li%2BRXYRNabR5ww%2Bl%2BWsfoTZPQ
2024-11-30,蜀锦人家今日开播,21.2万,/l?e=de6695LEdgVErr5uxfiGvonrByza39OZoSLKjWm%2BJ29fzTiiWKJtHFNHqTZfmj%2BW3GkqmpwA5bPg9DHV6S5%2FTNtITH0puAz645KAeBUxrRPwWpxukKT8C2m9jvlA7dfKm7jufeLGmsfrq4QTXi70Nq3g4qsujt5Uv5MQAD9CNf16AIixj%2BNuUnM1IsB1FDfI3A3kEaSWEkYdB5MUstRRZ0TUAIyslnis8SUVUwVBdQRSfu4ihEfQtx0apaXIL4ue8UL8C0cGMNx%2FW9XgUlWfzsxt3VZagTvngLbeBpX0
2024-11-30,十二月行程图,11.9万,/l?e=aa7aL%2B0yaQgBWz5XOoLMco%2FS14IiChcO6j9YawrFjeOCW6Bueirv7IoFVJoYEjyFVttz6x3cs%2BHcJPPbgQCdv%2B%2BY4kD6kLP5maGX2nHes69g35YRFagsS2GqCibl5z0Y9APRMdhPyyVQJ6rpn7%2FM8Wkqjm1QJ%2BxNwZ%2F2D4kxkN5TyoTPevxMRZ%2B7NpBHMvVJ4pLjvVyjDZKUQXjV5xHJcv%2FJo5VrLYOWUqX%2BHfv%2B%2FllPAOc7K36%2FZmkwvpxGrBqW
2024-11-30,彩虹夫妇第4胎产女称如愿了,2506.8万阅读 | @九派新闻,/l?e=0855%2BkFnYE%2FUWCpXxzp5rUxSOvDm2P1GuYdeoDzZOv8%2FfGMxRc%2FEgi8Hf7ZxTMuUI%2F8iS%2Bd1s%2Fir3qUnXfmSHPEF%2BE1vLDJi8FKXFnzBC9QueNkIj47OkqNW8jCTyXnMGCdEVu5zfmj%2BWwsC0%2FMOm%2F5dQdPFKCaoDXPh0TbtWYWihQHiyvfH4aWVqx5mk8JFYTVwa0fS9c%2BTOH7PFr8GSxXcxveirPRp65W2XgwvGICrI3gkCZUmZJSKuJNCRQf46h2EyjpLCDUIBnXk0JRXyh15atLJ0pL4XixCiQMyCh5iXPnennZON9vUnoIaTsUJS3yQnVdXZFJs7OJnWXvzPDOuhqJYHmlL7mRnGBRJBZsOnZC4QfVfLrjwVA
2024-11-30,叙利亚阿勒颇战事升级,1421.4万阅读 | @央视网,/l?e=8bbd5QM8O1XGv64m3AYeB6%2BRGSd5HcpQNOqCgs5tUZKByN2BbRA%2FVibznHgURrz1d1NbH2Ea20Bz2yOs5MIWKlNHE6%2Fw7hhPxasdPYuiIyPWk6X3YmSos3MOc8dHr1CWjCaKUkL%2F8ryrbz8Z0ZbueUHd56IaesrcA0sYTDTKhdTOikzF0MnKAgmqiOTt3ZfMs8JRjL4e1DORe8DsIV8vS1dGviYAfDNtTBl8qhg6PNsISVWKuxzaCxuvoNPz8wLWf%2FHm%2Bag7he0%2BO6mSqhKbgF4Yc68raZfFETVlloaMJn%2FyKvVCXby4jtPaK3LY1xh%2Bna%2FX8vzrA9aoB%2FkX
2024-11-30,加沙人说生活在恐怖电影中,293.8万阅读 | @央视新闻,/l?e=c7f7SqZnRq%2BxTRQQVejtHRLcyKXOqnmXLMS4jjr1EEJYf%2BJY3yu3CugycMS2zAuAARhAXC9sZe6DKiF65pVhigevIZ1hc9Mg4jxcRx8ZQVx7qyPepd3eXedaZtuZLmMB%2BHedAuzzHJ6dsdZQTCbwSPDrfZ9CP5SLH8PlZtpKPEvDCLrh5apUN4sGobNJbptuWpiJeQSp03oC8KjHbrnhp73sOOOldl%2FUn48wnnItvp%2F71EQVARbAcRHJCPjp6lsrNQbfueP6oYwlDiiOL6GIXGNbNtqj3fmh%2B1u0gpmmOCZ8f6fggrEof77KvQ2HbYp7dQyebhATMhHLdKkWvZz1HBt0P0PldUuJV%2F8Nx3JZOuQhRwJFyNwGR2AI
2024-11-30,2025年度国考今日开考,12.2万,/l?e=4639ppm5uR6yGVHH8%2F5SPeBP0fAM24tYXTrv8zxWNvUhoxghjfXgiM8SGvJ3aGl9sRfvgU7HWCMCeDGQyrKWTs0tU7IaJFsF2aeFHkMaY6LW5eMYjU9xv220QjVXnWcMTvSsuBw0PC6Lmx5XJku5NytIUVy2woAULLQEVPXVAjFbD77HUelAL%2FsfmRxgDdtdmixZjaMuGH6Koo90hZ7oinpRUv2YnJnzYnwVyplJgKqkOKGJAqSYoNOU77d4YMfBBaWDdgV1D7jK15b0KPexek%2BtiSxNqgdDx5qpMR%2Fjv8XikA
2024-11-30,合肥LV柜姐离职后开始卖货,36.0万,/l?e=c340EsmMHoOCEjgTfsCa60UQhMRicHrI1Qe57g1%2F9U4ud8AkDI1lxs1qLr5ObZSeY6nIpzCvH%2FJw8%2F9cGn0jY83OqzIqGeAGpSnvqrmk4ijGBxzrCRmfd4fH6XJ5ulvcm07WsuYVP%2B8W8tgACVdzjUdE3vD8cJ%2FJNtEaXOQazH00N6eDFB9gVsyZZIewuezv%2BatPGM6XWSE7Z7GzjHCs1d0utNiIIpeyj4kkC3YQlA3gxjJcZFkVpsQ5SnYuJblgXsSE%2BSBkdd%2BxF65MtlwwH2V4Ih56c9nT29rajY7q0zlvapV%2B61semslruacuN49UIS8Bznb1mH5HqSVYsrCv2chLegip65ztSsCjcng
2024-11-30,爷爷看中LV皮鞋柜姐配合孙女演戏砍价,11.5万,/l?e=bb65euxAe7K5i%2BJOvRdhB5SUlN45cLQ6UFxQY6vxLJEntz9T9RXMk4li6n1oShAGLKSFp2S9zmerTevNqopGcOmouKv2U58gneRXxLlFLBf6gGtHjDaj8meg4T3Fzw2oBEYa9JNaiBqbVHMXArprErWNit6GAdi4wF36jEdkiKpmGLgZSurOMTYITgDdpObYB6A7yXxZKgqsPmTVgkr1PH6DfTbQavAx7qCFw0MeFH5bvSeOPSU8sJ9xsXK9jlc57YClTLFPyfiC0c95t5ScRD%2B6XA1YoH%2Fda3d2QIADpU8oMJHPbM0LNj%2FcHLMECk%2BZnzREfm7ruQwRU2zLPqtsYQkfDLwnDWIr%2FcZobPTKLFm2X%2Fi88eoy%2FrJ5ESHf67YVsXmZoF1iUBJ29fJPQx5uySUIxNeZNQTNT%2FgWWs6uY2UIyCZpDWNdJsJBwFHmhip8Xm%2BHYgONRNA
2024-11-30,周密 刻板印象,38.8万,/l?e=7b98WUy%2Bm1njp%2FA6yu%2BJRo9KKWBJiBV%2BfdWpmwpeQk4Q9tFVbHVeAan85jNVMD7QpbX1DB0bCR5gueuTxj%2FQLLmyiX%2BH1oEjrMLiSdAZNLGZKgRyQUeYTJj97N51EIj4tkJEmdBVqgocNPGSkI4A042W4XcI8pbRO3NT6%2BjfqF9spot%2B%2FDwFYvyD1xQVUcbBMWWHKOQK9d0iPMcsdZgusMU5d3PGdF74%2BYquDV1F8kSeFGNe7Hq4oVsH5FQBA9m6pIB1
2024-11-30,papi酱 是狗把他带大的吗,48.9万,/l?e=60b19PtR%2F6rOKmFrtVIxTd6S3eqHOxg7SW8lEd%2FsFTlckTRbDicudkdEZv9T8nHwdfwO2PUOPeNRx7gyAJAj7pYDKHql988JAGIMl3Bu%2BGdJfl5XJ4A63PitpWwEK1ywDE29DIWrQ5%2BnkUX2BzNrA4%2BaUS7nMH5Sz1LT1cjMf5CwVvkGSJW73VPYjqqT7lQmpgMmfGVVbGaWSZ2Kecd5P7GqdWyJLU4Fxf76hib9xY4cQuUAUoAx2MCdTDts7gGGwuMpWBc2FYhGwEDOAxRTASzYB9ocZgbTnYsebmeQD65HsOaVYtJ5kNzwO5vc4U%2B3UZ9pfQ
2024-11-30,虞书欣声音好适合综艺旁白,9.2万,/l?e=9b6btYWal2ceL5RfLTGBsHIYxBYvBInRjo7Kl4GW7xqw%2B%2BYvsiCk1ZqDdPuZNhqDuFBKqctSSI4S5DNkpOXSNTukrxGvxnXJ3Tkrz1e3GDDTTWfm7LDmprVaeaqPAiSJgFEsWGSXBlaU%2FO1vlEjdIvlPx3Ya74EO9xyBM1au19tg3SxDu6qJQGhsOB%2B9LqN6EeyM%2BT3VDaaL7%2F3r%2FhwauHDo7RB90xjtSCKy6b%2FJ4n7dl%2BtPFlO9822WZKw%2BnSvPd2HvEsvgXdrrXGQeiXSBAH%2FzR4saHLsf0wRsbMMG6k6EIblkZD0Rp18RxU70jFCah8N0BbkT0n1xN2Qzmo75PS8gOGwyVZocdtSYNYfz8UItvtfs9P7M3uwi
2024-11-30,国乒最新赛前训练画面,9.2万,/l?e=ab85nHizHjBssuWFZHkXjloW6P47v2Cx6EKrg4m7FIf45P%2BiEYco%2BXIdaWXpnoy256CcFfqInx1SypdC2ZvCJ9iJIczYxgZ%2F0ztkvkHgzQYAJWORDSR8d6STBnFsHKoYueXvMzIu3aYTDm4IwaPM7OPayxVonKngj1Le%2BJlW7EsT0F%2Fiv5DuPQLWwehBjBxff6BIy9WP8YYPscgNUCYQ8JmNQiLVgLc2CKJ5fZl9khPZmNTaPmGoTbgGzfBZV8gBaA8TyxzM2N2lWkeqYCJCh9nvOevgMQNgNAIJZzj6EiUqGYuxJQLBbJixQap8lY0owmZx65zAKLaUth9i
2024-11-30,曝姆巴佩已找专家治疗,9.9万,/l?e=b6den0IXAxvh5cuq4eNFPGy4Fi8z5d0g%2Bs9NOmcvIHA2MTcaXujP804UxVh%2Be74MEgj6yopBhBWSQI7t0sDAsM0T1ploOsfvAii9QxKtQmbxSgGMxQvJjaWD7cXcZxIH17Wk6Rw3EvMRrOmkyFKWP6QnKQ5sMbzp4jKXDIjz0tQwE%2B1eduNtd3mvYeJdSEAHtcaSeQJiOxztqP3uqFMEtR1y2tjJPTefIqK41UaBxRi5HaLA5Znf0qpnILw4ogNTDEyUM6KFHOgxI81WS%2FIizJjFbL51VNOLX0yAkf1X4qVuWR8XqnU3hZXzmNyY2CXyzwar1W8NCsczx98u
2024-11-30,2025年度国考341.6万人通过资格审查,12.7万,/l?e=39ffEb5jm2oL7%2FQZyTBGt1pS%2Fyy%2FYB6XJ1Ffp%2Ftlp0tUjnaGa8lp0c7IWDKy7d1ldKIvvCRqBbD4VUVMyMQ6QOC5QIXLn31vej7sRa7uedOOp7c42u4CbVjO8Z9X9T3fRxfDtZM0XCfAK6e1b15nNDHlShV5cgm0%2B8VbORQgCmKsSLwcYiTSJpoYlfnFc1VrioN0AACvXtstt47tdm2ymgSwuFMTdxL57JmZV6yGuPh%2FramhEc0qqVaNfups2ojowx4S9DVeec%2FIUrsnL8tRW8uERyGKTbepBRi0TemBl9MSfTJTPHhZHkIdaiLmtet13FVCQsu68%2BtSJx4T1J0BpQprWBSkPj%2F7OQQTkVv6eZaek6sXD1Sp4dQ8bJh9s4iu53kj
2024-11-30,2024成都混团世界杯抽签,16.4万,/l?e=4ad7Um3KlHdFmTJpZQOSHuL2Sh0oFPCJygACmia1nH3g9GlifvTV76G6BAiZ%2BCCmoDs%2FhQ0Qx0TJstgmV5CA1i6dKHUQMJCW9%2BXcu3U%2BrALNeAoXkORfJ2%2F08BUPj%2BdUzMNiGDr3NnZ50fI7zSh0ZtGSLY7jHxdl4q9vFU9zU72HoWcf1nca9GuJuKB9DBG%2FWBdDNuActhR0MfGgPGAf%2BMxZFYyID%2Bwmh2nxMKxK2RFujL2ucZnJQ10qAV1xAzciM2gnKBe%2FWmIjhyivKd3Mfw2T3r2kLqwDizDSfMryHol7fhFk67HB49Ue5nOx6UzEow
